ENGINE_ID,ENGINE_NAME,ENGINE_FAMILY,ENGINE_ALT_NAME,FIRST_LAUNCH_YEAR,USAGE,MASS,IMPULSE,THRUST,SPECIFIC_IMPULSE,DURATION,CHAMBER_COUNT
1,"# Mk 7, 23, 25",,,,,,,,,,
2,1.5KS35000,Recruit,Recruit XM19,1956,Recruit,153,262,156,,1.7,1
3,1.8KS7800,Sparrow,,,Sparrow,70,63,35,,1.8,1
4,10KS2500,,,1957,Polaris FTV,80,111,11,,10,1
5,11D416,,,,,,,16.4,,,1
6,11D428,11D428,,,Yantar URD-II,,,.11,,,1
7,11D428A,11D428,,,Progress M/Soyuz TM/,,,.13,291,,1
8,11D429,,,1974,Molniya-1 mod,,80,2,290,,1
9,11D430,KRD 17D52,,,Yantar 2K,,,29.4,307,,1
10,11D458,11D458,,1977,FGB DPS,,,.39,252,,1
11,11D49,S5.23,,,S3M,,,157.5,303,335,1
12,11D49 [Old],S5.23,,,S3M [See N2O4],,,157.5,303,335,1
13,11D511,RD-108,,,Soyuz A,,,978,316,290,4
14,11D512,RD-108,,,Soyuz BVGD,,,1000,314.5,120,4
15,11D55,RD-0106,RD-0110?,1965,Blok I,,,298,326,250,4
16,11D58,RD-58,,1967,Blok D,,,85,349,600,1
17,11D58M,RD-58,,1976,Blok DM,,,85,352,680,1
18,11D58M,RD-58M,,1976,Blok D-1,,,83.5,362,680,1
19,11D79,,,,,,,44,295,,1
20,12-AS-1000,F-80 JATO,,1945,JATO,50,,4.4,,12,1
21,12KS10000,BB3,BB3B,1967,BB3B,292,552,43.7,236.2,12,1
22,14-AS-1000,JATO,,1945,JATO Mk 2?,50,,4.4,,14,1
23,14-NS-1000,JATO,,1945,JATO,50,,4.4,,14,1
24,15-KS-1000,JATO,,1945,JATO Mk 6,63,,4.4,,15,1
25,15D13,"8D423, 5D13 type",,,UR-100 St 2,,,131,325,,1
26,15D14,"8D419, 5D13 type",,,UR-100 vernier,,,,,,1
27,15D15,,15D151,1967,RT-20P [1],16700,,600,260,65,4
28,15D169,15D12 type,,,MR-UR-100 [2],,,147,330,,
29,15D171,,,,MR-UR-100 BR,500,,,,,1
30,15D206,,,,RT-23 [1],53700,,2060,,,1
31,15D207,,,,RT-23 [2],25000,,1050,,,1
32,15D23,RT-2,,,RT-2 [1],34550,,893,,75.4,1
33,15D23P,RT-2,,,RT-2P [1],34550,,981,,75.4,1
34,15D24,RT-2,,,RT-2 [2],9600,,432,,59,1
35,15D24P2,RT-2,,,RT-2P [2],11280,,440,,60.6,4
36,15D25,RT-2,,,RT-2 [3],3500,,215,,45,1
37,15D27,RT-2,,1965,RT-15 [1],11000,,412,,60,4
38,15D290,,,,RT-23 [2],25000,,1050,,,1
39,15D305,,,,RT-23 [1],53700,,2060,,,1
40,15D339,,,,RT-23 [2],25000,,1050,,,1
41,15D92,RT-2,,,,4500,,,,,1
42,15D94,RT-2,,,RT-2P [3],4640,,176,271,49,1
43,15KS25000,BB,,1957,Black Brant I,970,1670,111,217,15,1
44,15Zh58A,Topol,,,Start-1 [1],26000,,980,263,60,1
45,15Zh58B,Topol,,,Start-1 [2],13000,,490,280,64,1
46,15Zh58V,Topol,,,Start-1 [3],6000,,245,280,56,1
47,15Zh59A,,,,Kuryer [1],5000,,,,,1
48,15Zh59B,,,,Kuryer [2],5000,,,,,1
49,15Zh59V,,,,Kuryer [3],3000,,,,,1
50,17D12,RD-58 (Buran ODU),,1988,Buran,,,86.3,362,680,1
51,17D61,KRD 17D61,,1979,Ikar; Yantar 1KFT,,,29.4,307.9,600,1
52,17KS12000,BB5,Nihka,1981,BB10 [3],402,915,53,284.9,17.8,1
53,1KS420,,,1959,Explorer 6,2,2,22,,1,1
54,2-AS-22000,Nike-46,,1946,Nike-46,100,200,98,,2,1
55,2.5-AS-18000,Nike-47,,1946,Nike-47,100,200,80,,2.5,1
56,2.5-DS-59000,,,,Nike Deacon mod,700,,265,,2.5,1
57,2.5KS18000,Aerobee Booster,Aerobee JATO,1947,Aerobee [0],260,200,80,,2.5,1
58,21AL-2600,Nike,,1947,Nike 47 Ajax [2],,,11.4,,21,1
59,22.6KS1245,Sparrow,,1965,Sparoair III [2],60,124,5.5,,22.6,1
60,23KS11000,Alcor,Alcor IA,,Alcor IA,500,,49,,23,1
61,23KS20000,BB,,1957,Black Brant IIB,1113,2050,89,217,23,1
62,26KS20000,BB5,BB5,,BB5,1167,2251,89,230.2,26,1
63,27D6,,,,Kontakt [1],3000,,,,,1
64,28D6,,,,Kontakt [2],1000,,,,,1
65,29D6,,,,Kontakt [3],500,,,,,1
66,2S-SL,,,2017,PDV Target [2],1000,,,,,1
67,3-DS-47000,Nike,X-201A3 T-39,1950,Nike X201 Ajax,700,,209,,3,1
68,3.52KS8500,Viper,,1960,Viper,87,142,37.8,,3.5,1
69,3.52KS8500,,Viper IIB,1968,Viper,89,144,35.8,,3.2,1
70,3.8KS8040,,Viper II,1959,Viper II,90,135,35.8,207,3.8,1
71,30AS1000,,,1944,Private A,174,133,4.4,184,30,1
72,30KS8000,Alcor,Alcor I,,Alcor I,478,1070,36,,30,1
73,33KS2800,,,1957,Vanguard [3],250,347,12.5,,33,1
74,3D17,,,1973,R-31 [1],16000,,579,,84,1
75,3D65,,,,R-39 [1],53700,,2060,,,1
76,3KS33000,,Regulus JATO,1950,Regulus 1,400,440,147,,3,1
77,48N6,,,,48N6,1500,,,,,1
78,4D10,,,,R-27,,,255,,128,1
79,4DS105000,JATO,X-202C1,1950,JATO/Talos,800,1900,470,,4,1
80,4DS105000,JATO,X-202C6,1950,HJ prototype,800,1870,470,,4.4,1
81,4KS115000,,Regulus JATO,1950,Regulus 2,800,2000,512,,4,1
82,5.6KS5400,,Viper IC,1950,Viper I,91,134,24,209,5.6,1
83,500N AKE,,,2002,DRTS,,,.55,319.5,,1
84,51T6 Motor,,,1968,A-350 booster,15000,,,,5,1
85,51T6B ZhRD,5D22?,,,51T6 [2],,,131,,40,1
86,53T6,,,,53T6,10000,,,,,1
87,5D22,5D13 type,,,A-350Zh St2,,,131,,40,1
88,5KS50000,TX-77?,,1958,X-7A3 Booster,900,,222,,5,1
89,5S24,,,,V-825 [1],14000,,,,,1
90,5S47,,,1968,A-350Zh booster,15000,,,,5,1
91,5Ya26,,,,5Ya26,10000,,,,,1
92,8-AS-1000,JATO,8-AS-1000,1945,KAN-1 Litte Joe,,,4.4,,8,1
93,8D725,,,,,,,117,325,,1
94,8D727,RD-108,RD-108MM,,Sputnik,,,833,308,340,4
95,8D728,RD-108,RD-107MM,,Molniya,,,921,257,140,4
96,8D74,RD-108,RD-107,,Sputnik,,,1000,256,140,4
97,8D74PS,RD-108,RD-107,,Sputnik,,,1000,306,146,4
98,8D75,RD-108,RD-108,,Sputnik,,,941,308,340,4
99,8D75PS,RD-108,RD-108,,Sputnik,,,941,308,340,4
100,9KS11000,BB3,,,BB3,265,440,49,220,9,1
101,9KS1660,BB,,1969,BB6,43,66,7.4,240,9,1
102,9M21,,,,Luna-M,2300,,,,,1
103,9M723,,,,Iskander,3300,,,,,1
104,9M76,,,,Temp,11900,,,,,1
105,9M76B,,,,Temp-S,11900,,,,,1
106,9M79,,Tochka,1970,Tochka,1530,,,,,1
107,9M79-1,,Tochka,1970,Tochka-U,1530,,,,,1
108,A-350 Booster,,,1968,A-350 booster,15000,,,,5,1
109,A-350 Sustainer,5D22?,,,A-350 St2,,,131,,40,1
110,A-4,A-4,,1942,A-4,,,312,203,68,1
111,A1P-1,,,1960,Polaris A1 [1],8330,,,,,1
112,A1P-2,,,1960,Polaris A1 [2],4300,,,,,1
113,A2P-1,,,1960,Polaris A2 [1],10100,,,,,1
114,A3P-1,,,1960,Polaris A3 [1],11100,,,,,1
115,ABL JATO,JATO,3-DS-50000,1947,JATO,350,,222,,3,1
116,AJ-60A,,,2003,Atlas V SRM,46200,,1361,275,90,1
117,AJ10,AJ10,,,Vanguard [2],,,33,,122,1
118,AJ10-101,AJ10,,,,,,34.3,270,,1
119,AJ10-101A,Able,,1958,Able,,,34.7,,,1
120,AJ10-104,AJ10,,,,,,35.1,278,,1
121,AJ10-118,AJ10,,,,,,33.7,271,,1
122,AJ10-118A,AJ10,,,Delta B Stage 2,,5730,33.7,,170,1
123,AJ10-118D,AJ10,,,,,,33.7,278,,1
124,AJ10-118E,AJ10,,,,,,35.1,278,400,1
125,AJ10-118F,AJ10,,,,,,41.4,280,,1
126,AJ10-118FJ,AJ10,,,N-2 Stage 2,,,44.1,319.2,430,1
127,AJ10-118K,AJ10,,,Delta 2 Stage 2,,,43.7,319.2,431,1
128,AJ10-138,AJ10,,1964,Transtage x2,,,35.6,311,440,1
129,AJ10-138 (early),AJ10,,1964,Transtage x2,,,35.6,302,430,1
130,AJ10-138A,AJ10,ITIP,1964,Transtage x2 (late),,,35.6,309.3,,1
131,AJ10-24,Aerobee,,1950,Aerobee,467,586,17.8,193,32.1,1
132,AJ10-25,Aerobee,,1950,Aerobee,467,586,17.8,193,32.1,1
133,AJ10-27,Aerobee,,1950,Aerobee,467,586,17.8,193,32.1,1
134,AJ10-34,Aerobee,,1950,Aerobee,467,586,17.8,193,32.1,1
135,AJ10-40,AJ10,,,Able,,,34.5,,110,1
136,AJ10-41,AJ10,,,Able,,,34.5,,110,1
137,AJ10-42,AJ10,,,Able,,,34.5,,110,1
138,AJ11-21,Aerobee,,1959,Aerobee,670,928,17.8,199,52,1
139,AJ11-6,Aerobee,AGVL-0113F,1959,Aerobee,670,928,17.8,199,52,1
140,AJ26-62,,,,Taurus 2 [1],,,1510,,,2
141,AJ60-80,Aerobee Booster,Aerobee JATO,1947,Aerobee [0],260,200,80,,2.5,1
142,AJ60-92,Aerobee 200,,,Aerobee 200,576,1346,22.6,,58.5,1
143,AR2-3,,,,"F-104, X-37B",,,31,245,,1
144,AS-4,,,1987,ASLV [4],512,,35,281,33.4,1
145,ASLV AS-1,,,,ASLV [1],11800,,702,259,45,1
146,ASLV AS-2,,,,ASLV [2],4400,,304,275.9,36,1
147,ASLV AS-3,,,,ASLV [3],1710,,90.7,277,45,1
148,ASLV SRM,,,,ASLV [0],11600,,422,253,49,1
149,ATACMS,ATACMS,,,ATACMS,1200,,180,,,1
150,ATSM-13,Shaviyt,,1994,Shaviyt 1 [1],13000,,775,250,55,1
151,ATSM-9,Shaviyt,,1988,Shaviyt [2],9100,,,,,1
152,AUS-51,,,1988,Shaviyt [3],2000,,58,295,92,1
153,Ababeel,,,2016,Ababeel [3],1000,,,,,1
154,Abid,,,,Abid St 1,,,130,,,1
155,Abid St3,,,,Abid St 3,500,,,,,1
156,Acheron,,,1988,Hades,1200,,,,,1
157,Aerobee Jr,,,1958,Aerobee 100,,,11.6,200,40,1
158,Aerojet Jr,Aerojet Jr,,1961,Aerojet Jr,3000,7100,254,,28,1
159,Aerojet Mk 8,,,,Bullpup,300,,111,,,1
160,Aestus,Aestus,,1996,Ariane 5 EPS,,,29,324,,1
161,Agnes,,Elan,1967,Belenos [1],82,100,40,242,2.5,1
162,Agni,,,,Agni [1],11500,,700,,45,1
163,Agni III,Agni3,,2006,Agni 3 [1],33000,,1040,237,75,1
164,Agni III S2,Agni3,,2006,Agni 3 [2],14000,,315,294,110,1
165,Agni St2,,,,Agni II [2],4200,,,,60,1
166,Agni V S3,Agni3,,2006,Agni 3 [2],10000,,315,294,110,1
167,Ajax,,,,Nike Ajax [2],,,11.6,,30,1
168,Ajax 1810,,,,Nike Hercules 1810 [,,,11.6,,30,1
169,Ajax-490,Nike,,1949,Nike Ajax,,,11.4,,21,1
170,Al Fatah,,,,Black Sparrow,1200,1950,130,238,15,1
171,AlKahir,,,1962,Al Kahir,,,,,,1
172,Alcor IB,Alcor,Alcor IB,,Alcor IB,500,1148,42.8,,26.5,1
173,Alfa,,,1973,Alfa [1],6500,,250,,57,1
174,Algol 3A,Algol III,,,Scout [1],14136,32040,477,258.2,78,1
175,Algol I,Algol,AJ Senior,1960,Scout [1],10710,18240,458.6,214,40,1
176,Algol IA,Algol,AJ Senior,1960,Scout [1],10710,18240,458.6,214,40,1
177,Algol IB,Algol,AJ Senior,1960,Scout [1] ?,10710,18240,458.6,214,40,1
178,Algol IC,Algol,AJ Senior,1960,Scout [1] ?,10710,18240,458.6,214,40,1
179,Algol ID,Algol,,1960,Scout [1],10700,18100,413,,44,1
180,Algol IIA,Algol,,1965,Scout [1],10709,24337,465.1,258.3,68.2,1
181,Algol IIB,Algol,,1965,Scout B [1],10759,24352,449.2,258.9,80,1
182,Algol IIC,Algol,,1965,Scout [1],10795,24390,436.7,258.9,76.1,1
183,Arcon,Arcon,,1958,Arcon,100,140,4.5,,33,1
184,Arcon booster,,,1958,Arcon,12.4,5,14,,.4,1
185,Arrow II,,,1950,Arrow,12,17,9,,1.9,1
186,Asp II,Asp,,1959,Asp II,87,141,38.6,212,3.6,1
187,Asp III,Asp,,1959,Asp III,81,139,42.7,226,3.3,1
188,Astra E1,,,2017,Astra St 1,,,18,,,1
189,Astris,,,1968,Astris,,,22.5,297,361,1
190,Astrobee D,Astrobee,,1970,Astrobee D,85,156,8.9,,17,1
191,Astrobee F,Astrobee,,1972,Astrobee F,1300,2440,36.4,,51.1,1
192,Atea-1,,,2009,Atea-1,,100,6.9,,14.5,1
193,Aurore,,,,Belenos [2],54,58,,250,5.3,1
194,BB Mk1,BB5,BB5,2007,BB Mk1,1167,2251,89,230.2,26,1
195,BB Mk3,BB5,BB5,2007,BB Mk3,1167,2251,89,230.2,26,1
196,BB7,,,1969,BB 7,16,,,,,1
197,BE-3,BE-3,Alcyone,,Alcyone,100,,34,,8,1
198,BE-3 (BLOR),,,,New Shepard,,,490,,145,1
199,BE-3A4,BE-3,,,Athena motor,100,,34,,8,1
200,BE-3A5,BE-3,,,SPARTA motor,100,,34,,8,1
201,BE-3A9,BE-3,Alcyone,1969,Scout E [5],98,235,27.7,275.2,8.5,1
202,BE-3B1,BE-3,Alcyone,,Alcyone,138,269,34.2,,7.8,1
203,BE-4,,,2019,Atlas 5,,,2447,,,1
204,BS.605,,,,Buccaneer RATO,,,35.6,,,
205,BT-4,DMT,,2002,NStar c LAE (STAR-2),,,.5,329.6,,1
206,BUS-1 OAT,,,1973,KH-11,,,1.1,,,1
207,Badr-1,,,,Badr-1,1000,,,,,1
208,Bantam,,,1962,Skua,37,,1.8,237,30,1
209,Bantam 2,,,,Skua 2,37,,1.8,237,30,1
210,Bantam 3,,,,Skua 3,33,,1.7,237,34,1
211,Belier II,Belier,,,Belier II,320,,20,,23.8,1
212,Belisama,,,1968,Belisama [2],26,24,24,,.9,1
213,Bell 8048,Agena,,1959,Agena A,,,69,276,120,1
214,Bell 8081,Bell Agena,,,,,,71.2,285,,1
215,Bell 8096,Agena,,1960,Agena B,,,71.2,289.8,,1
216,Bell 8096-37,Agena,,1960,Agena D,,,71.2,289.8,,1
217,Bell 8096-39,Agena,,1960,Agena D,,,71.2,299.7,,1
218,Black Sparrow,,,,Black Sparrow,1200,,,,,1
219,Buran TDEO,,,1988,Buran (x4),,35,28,,,1
220,Buran UD,,17D15,1988,Buran (x38),,,4,280,,1
221,C3-1,,,1968,Poseidon C-3 [1],10000,,,,,1
222,C3-2,,,1968,Poseidon C-3 [2],7000,,,,,1
223,C4-1,,,,Trident C-4 [1],12100,,,,,1
224,C4-2,,,,Trident C-4 [1],8000,,,,,1
225,CE-20,,,2009,C-25,,,186,443,550,1
226,CPKM,,,1995,CZ-2E/Asiasat,4635,11360,222.8,280,65.2,1
227,CRAPEL,,,1969,CRAPEL/Belier,,52,,,10.5,1
228,CZ-11-1,,,2016,CZ-11 [1],40000,,,248,,1
229,CZ-11-2,,,,CZ-11 [2],15000,,,,,1
230,CZ-11-3,,,,CZ-11 [3],2000,,,,,1
231,CZ-11-4,,,,CZ-11 [4],2000,,,,,1
232,Cajun,Deacon,,1957,Cajun,75,108,43,,3,1
233,Canopus,,,1972,Rigel,200,,,,18,1
234,Castor 120,MX,,1995,Athena [1],53100,,1604,280,83.4,1
235,Castor 30,,,,Taurus 2 [2],14035,35200,259,301,136,1
236,Castor 30B,,,,Taurus 2 [2],13970,37300,293.4,304,127,1
237,Castor 30XL,,,,Taurus 2 [2],27400,58000,350,,166,1
238,Cedre St1,,,1962,Cedre 3,,,138,,,1
239,Cedre St2,,,1962,Cedre 3,,,78,,,1
240,Cedre St3,,,1962,Cedre 3,,,20,,,1
241,Cedre-4 St1,,,1962,Cedre 4,,,138,,,1
242,Centenario,,,2013,Centenario,224,,39,,11.2,1
243,Cherokee,,TE-146,1963,Squirt [2],30,,,,1.5,1
244,Chick,,,,Chick,8,4,20,,.2,1
245,Cirrus I,,,,Cirrus,50,50,5,,10,1
246,Cirrus II,,,,Cirrus,50,90,18,,5,1
247,Coralie,,,1966,Coralie,,,67,281,105,1
248,Corporal,,,,Corporal,,,89,,63,1
249,Corporal E,,,1947,Corporal E,,,89,,,1
250,Cuckoo 4,,,,Skylark 12 [3],243,452,44,204,15,1
251,Cuckoo IA,,,,Skylark,243,320,90,204,4.3,1
252,Cuckoo IB,,,,BK,237,360,80.9,204,4.1,1
253,Cuckoo II,,,,BK,226,396,36.5,204,10,1
254,Curie,,,2017,Electron St 3,,,.12,303,,1
255,Cygnus 10,,"10"" SM",,"10"" SM",15,,10,,3.2,1
256,Cygnus 15,,TX-456-2?,,TB2 [4],60,,22.3,,4.8,1
257,Cygnus 20,,"20"" SM",1959,"20"" SM",118,,30,,8.5,1
258,Cygnus 25,,"25"" SM",,"25"" SM",239,,33.3,,16.5,1
259,Cygnus 40,TE-M-186,"40"" SM",,"40"" SM",972,,83,,26,1
260,Cygnus 5,,,,TB2 [6],2.5,,2.3,236,1.6,1
261,D-5-1,,,,Trident II [1],39100,,,,64,1
262,D-5-2,,,,Trident II [2],11800,,,,65,1
263,D-SAT-EES,,,,D-SAT,.9,,.45,266.4,3.2,1
264,DACRoc,,,1963,DACRoc,250,,50,220,8,1
265,DF-1,R-2,,,DF-1,,,363,210,,1
266,DF-11,,,,DF-11,5400,,93.2,,,1
267,DF-15,,,,DF-15,6200,,,,,1
268,DF-16,,,2015,DF-16,4500,,,,,1
269,DF-21-1,,,,DF-21 [1],16621,,,239.7,65,1
270,DF-21-2,,,,DF-21 [2],8686,,,286.4,62,1
271,DF-31-1,,,,DF-31 [1],35000,,,,,1
272,DF-31-2,,,,DF-31 [2],10000,,,,,1
273,DF-31-3,,,,DF-31 [3],2800,,,,,1
274,DF-41-1,,,,DF-31 [1],35000,,,,,1
275,DF-41-2,,,,DF-31 [2],10000,,,,,1
276,DF-41-3,,,,DF-31 [3],2800,,,,,1
277,DHX-200 Aurora,,,2015,Stratos II+,85,190,8,,23,1
278,DIM,,,,DIM,30,,,,,1
279,DM-16,Deacon,,1956,Rockaire,60,33,30,210,2.1,1
280,DMT-600,RDMT-100,,,,,,.6,301,,1
281,DMU 2000,,CORONA DMU,,CORONA,8.9,,,,,1
282,DMU 3000,,CORONA DMU,,CORONA,13.4,,,,,1
283,DS,Start DS,,,Start DS,,,,,210,1
284,DST-100,DST-100,,,,,,.1,276,,1
285,DST-100A,DST-100,,,,,,.1,304,,1
286,DST-200,DST-200,,,,,,.2,280,,1
287,DST-200A,DST-200,,,,,,.2,300,,1
288,Demon,,,1962,HAT,100,104,45.2,,2.3,1
289,Dolphin,,,1984,Dolphin,7500,,155,,,1
290,Dorado,,,1973,Lorikeet,139.3,173,42,,4.3,1
291,Draco,,,2009,DragonLab x 18,,,.4,,600,1
292,E-8-5 VA,,,,E-8-5 VA,481,,,,,1
293,EAM,,,,Alphabus,,,.5,325,,1
294,EAP MPS P238,Ariane,P230,1996,Ariane 5 EAP,268000,,5000,275.4,129,1
295,EAP MPS P240,Ariane,P230,1996,Ariane 5 EAP,277500,,5000,275.4,129,1
296,EPBS,,,,,,,.4,215,,1
297,Emilie,,Elan,1967,Grannos [1],82,100,40,242,2.5,1
298,Excalibur,,,2000,Excalibur,39.2,61,20,,2.5,1
299,F-1,F-1,,1967,Saturn V [1],,,6680,260,,1
300,FFAR,FFAR,,1955,Rockair,9,5,3.6,,1.5,1
301,FFK,,,,FFK,300,,,,,1
302,FG-46,,,1990,EPKM,5985,,292,177,87,1
303,FG-47,,,1997,Smart Dispenser,160,,,,36,1
304,FTI,,,,FTB,60,,,,,1
305,FW4,,,,FW-4D,299,,26.7,,32.4,1
306,FW4S,,,1965,FW-4S,301,766,26,284.1,31.5,1
307,FY-25,FY-25,,1994,DFH-3 LAE,,,.49,308.9,,1
308,Falcon,,M-58,1950,Falcon,20,,20,150,1.4,1
309,Fastrac,Fastrac,,,X-34,,,265,,,1
310,G-38,,LR83-NA1,1956,Navaho,,,534,282,,1
311,GEM 22,GEM 22 Oriole,,2000,Oriole,980,,92.1,,,1
312,GEM-40,GEM,,,Delta II SRB,13080,31600,499.2,274,63.3,1
313,GEM-46,GEM,,,Delta III SRB,19040,45730,608.1,274,75.2,1
314,GEM-60,GEM,,2002,Delta IV SRB,33200,,758,275,90,1
315,GEM-60,,,2015,Atlas V SRM,46200,,1361,275,90,1
316,GF-01A,,,,,2000,,29,230,140,1
317,GF-02,,,1970,CZ-1 [3],2050,4500,29,253.9,38,1
318,Gamma 2,Gamma,,1969,Black Arrow [2],,,68.2,251,113,2
319,Gamma 201,Gamma,,1958,Black Knight,,,71.2,226.9,,4
320,Gamma 301,Gamma,,1962,Black Knight,,,96.1,249.7,,4
321,Gamma 8,Gamma,,1969,Black Arrow,,,234.8,265,142,8
322,Goldfinch II,,,1964,Jabiru,410,700,175,225,3.5,1
323,Goldfinch IIA,,,,Skylark,410,700,175,225,3.5,1
324,Goose II,,,1969,INTA 255,306,370,22,,17,1
325,Gosling,Gosling,,1960,Jaguar 1 [1],230,278,130,,2.5,1
326,Gosling 4,Gosling,,1974,INTA 300 [1],263,426,137,,4.5,1
327,Gosling IIN,Gosling,,1960,Jaguar 1 [1],292,400,130,,3.5,1
328,Gradicom 1,,,,Gradicom 1,400,,,,,1
329,Gradicom 2,,,,Gradicom 2,100,,,,,1
330,H-1,H-1,,1961,Saturn I,,,721,263,115,1
331,H-II SRB,NASDA,,1994,H2 SRB,70400,,1550,273,94,1
332,H-II SRB-A,NASDA,,,H2A SRB-A,75000,,2250,280,100,1
333,H-II SRB-A3,NASDA,,,H2A SRB-A,76500,,2305,283.6,120,1
334,H-II SSB,NASDA,,1995,H2 SSB,10500,,338,267,66,1
335,H-II SSB,NASDA,,,H2A SSB,15500,,745,282,60,1
336,H500,,,1989,AMROC,12200,23000,333,295.2,70,1
337,HAEC FFAR,FFAR,,1961,HAEC [2],10,11,4,,2.8,1
338,HALO,,,1997,HALO,20,,1.9,240,,1
339,HBT-5,,,2012,HTV-3,,,.5,322,,1
340,HIBEX,,,1965,HIBEX,800,,2180,,1.1,1
341,HIBEX-U,,,1965,HIBEX,800,,2180,,1.1,1
342,HM-7,,,1979,Ariane H8,,,61.7,442.6,510.1,1
343,HM-7B,,,,Ariane H10-3,,,64.8,445.1,745,1
344,HOTROC,,,1958,HOTROC,163,306,63.2,230,4.9,1
345,HPAG,,,1950,,30,,12.6,,2.7,1
346,HS-15,,,,Hwasong-15,,,350,,,1
347,HTR,,,2007,HTR,,520,26,202,20,1
348,HVAR,,,1944,HVAR,63,,25,,.9,1
349,HYSR,,,2003,HYSR,,8000,270,290,33.4,1
350,Hermes A-1,Hermes,,1950,Hermes A-1,,,71,,,1
351,Hermes A-3A,Hermes,,1953,Hermes A-3A,,,80,242,,1
352,Hermes A-3B,Hermes,,1954,Hermes A-3B,,,100,242,,1
353,Hopi 2.4KS5600,,,,Hopi III,34,58,24.9,227,2.4,1
354,Hopi 3.0KS4000,,,,Hopi,33,53,18,,3,1
355,Hopi 9.0KS1800,,,,Hopi IV,40,72,7.7,,9,1
356,Hwasong-12,,,,Hwasong 12,,,470,,128,1
357,Hydac,,H-28,,Hydac,253,,58.7,253,,1
358,Hydac,,LPC H-26,,Hydac,256,412,41.6,253,,1
359,Hyperion,,,1996,eAc,47,93,6,,15,1
360,Hyunmoo 1,,,,,4000,,,,,1
361,Hyunmoo-2B,,,,,4000,,,,,1
362,IAI-Arrow-1,,,,Arrow 2,1500,,,,,1
363,IAI-Arrow-2,,,,Arrow 2,1500,,,,,1
364,IAI-Arrow-2-2,,,,Arrow 2,500,,,,,1
365,IAI-Arrow-3,,,,Arrow 3,1500,,,,,1
366,ICE,,,,GSLV 3,,,69.5,452,720,1
367,INTA S-12,,,1984,INTA-100 [1],28,,16.7,,1.2,1
368,IRIS,IRIS,,1992,Lageos PKM,1720,4580,58,291,79,1
369,ISPS,,,1970,NRO Agena program (2,,,.45,272,,1
370,ISRO-LAM,ISRO-LAM,,1992,Insat 2,,,.44,,,1
371,Icarus,,,2007,Icarus [1],35,,15.8,239.9,6.4,1
372,Icarus St2,,,2007,Icarus [2],13,,4.1,241.5,7,1
373,Imp Malemute,SAM-D,Malemute,1974,Malemute (TX-486-1?),619,1395,55.1,281.2,22,1
374,J-2,J-2,,1966,Saturn IVB,,,1023,427,,1
375,J-2X,J-2,,2010,Ares I,,,1308,448,465,1
376,JCR,,,,JCR,1300,,133,,,1
377,JCR-S2,,,,JCR,700,,54,,,1
378,JPL 2 lb Kick Motor,,,1958,Deal III,1.5,,,246,,1
379,Javelin,,LPC J-22,,Javelin 2,155,,178,243,,1
380,Javelin 2,,LPC J-2,1965,Javelin 2 [AWST],155,257,140.4,,,1
381,Javelin 3,,LPC J-33,1965,Javelin 3,165,,93,239,,1
382,Javelin 3 (old),,LPC J-3,1965,Javelin 3  [AWST],165,273,47.6,239,,1
383,Jericho II,,,1959,Daniel [2],320,,20,,23.8,1
384,Jericho IV,Belier,,1961,Centaure [2],317,460,20,235,23.4,1
385,Judi-I 1.9KS2150,,1.9-KS-2150,1961,Judi III,10,18,9.6,224,1.9,1
386,Judi-III 1.9KS2100,,1.9-KS-2100,1961,Judi III,12,,9.3,,1.9,1
387,K-15 Booster,,,2007,K-15 booster,1000,,,,,1
388,K-15 Stage 2,,,2007,K-15,2000,,,,,1
389,K-4 Booster,,,2016,K-4,5000,,,,,1
390,K-4 Stage 2,,,2016,K-4,5000,,,,,1
391,K-BATS,,,2014,K-BATS,1200,,,,,1
392,K10S,,,,K10S,100,,,,,1
393,K150,,,1958,Kappa 6,86,,,,15.8,1
394,K160,,,1958,Kappa 8L [2],94,,,,5.3,1
395,K220,,,1956,Kappa 2,200,,,,,1
396,K250,,,1958,Kappa 6,240,,34,,9.3,1
397,K250-8,,,1958,Kappa 8,240,,34,,9.7,1
398,K250H,,,1958,Kappa 9M [2],300,,,,7.2,1
399,K420,,,1958,Kappa 8,1100,,,,17,1
400,K420(1/3),,,1966,Kappa 10,350,,,,,1
401,K420H,,,1962,Kappa 9,1100,,,,17,1
402,KDU-414,11D414,,1964,Molniya-1,,80,2,290,,1
403,KDU-426,11D426,,,,,,3.09,292,,1
404,KM-D,KM,,1985,Mu 3S2 [4],304,629,17.4,294,38,1
405,KM-H,KM,,1977,Mu 3H [4],59,,,281,,1
406,KM-L,KM-L,,1990,Hagoromo,4,,,,,1
407,KM-M,KM,,1985,Mu 3S2 [4],550,1375,32,293,63,1
408,KM-P,KM,,1985,Mu 3S2 [4],461,,31.3,286,44,1
409,KM-V1,KM,,1995,Mu V [4],1430,,52,298,73,1
410,KM-V2b,KM,,2013,Epsilon,3300,,99.8,301,90,1
411,KM-V2c,KM,,2016,Epsilon,2900,,99.6,299,88,1
412,KN-02 Motor,,Tochka,,KN-02,1530,,,,,1
413,KPN-4D10,,,,Musudan,,,255,,128,1
414,KPN-Solid1,,,,KN-11-1,10000,,,,,1
415,KPN-Solid2,,,,KN-11-2,5000,,,,,1
416,KRD-442,11D442,,1977,FGB DKS,,,4.1,,,1
417,KRD-61,,,1969,E-8 VA,,,18.8,313,53,1
418,KRD-79,S5.79,,,Salyut-6 engine,,,3.09,,,1
419,KSLV SRM,,,2009,KSLV,1000,,80,,44,1
420,KSR,,,1993,KSR-I,1200,1700,86.3,235,20,1
421,KSR Booster,,,1993,KSR-II,1200,1250,211,,5.9,1
422,KSR-III,,,2002,KSR-3,,,126,,59,1
423,KT1-3,,,,KT-1 [3],2000,,,,,1
424,KTDU-35,KTDU-35,,,,,,4.1,280,,1
425,KTDU-417,KTDU-417,,,,,,18.9,314,,1
426,KTDU-417,KTDU-425,,1969,E-8 KT,,,18.9,314,650,1
427,KTDU-417 verniers,,,1969,E-8 KT,,,3.4,253.8,30,2
428,KTDU-425,KTDU-417,,,,,,18.9,312,,1
429,KTDU-425A,KTDU-417,,,,,,18.9,315,,1
430,KTDU-53,KTDU-35,,,,,,4.1,280,,1
431,KTDU-5A,KTDU-5,,,Luna E-6,,,45.5,287,,1
432,KTDU-66,KTDU-35,,,,,,4.1,280,,1
433,KTDU-80,S5.80,,,"Soyuz TM engine, Pro",,,6.2,302,,1
434,KVD-1M,,RD-56M,,GSLV GS3,,,75,460,675,1
435,KZ1-3,,,,KZ-1 [3],2850,,,290.4,55,1
436,KZ1-4,,,,KZ-1 [4],,,,,,1
437,KZ2-3,,,,KZ-1 [3],2850,,,290.4,55,1
438,Kappa 1,,,1956,Kappa 1,45,,10,,3,1
439,Kappa 4,,,1956,Kappa 4,45,,10,,3,1
440,Kappa 4 Booster,,,,Kappa 4 Booster,150,,105,,3,1
441,Kavoshgar,,,2007,Kavoshgar,400,,,,12,1
442,Kestrel,,,,Falcon 1 [2],,,33,317,378,1
443,Kisha I 4.4KS4800,,,,Kisha,66,95,21,,4.4,1
444,Kiva 5.5KS6100,,,,Kiva,107,149,27,,5.5,1
445,L480S,,,1966,Lambda [4],102,,7.8,254,31.5,1
446,L500,L735,,1966,Lambda [3],832,,65,249.3,27,1
447,L735,L735,,1966,Lambda [1],5982,,363,215,28.8,1
448,L735(1/3),L735,,1966,Lambda [2],2474,,115,242.9,38.4,1
449,LAPAN,,,1987,LAPAN  (?),300,310,52,,6,1
450,LAPSTAR,,,1957,Aeolus [0],52,37,13.7,,2.7,1
451,LE-1,LS-A,,1963,LS-A,,350,10,195,35,1
452,LE-2,,,,LS-C,,,9.8,195,25,1
453,LE-3,LE-3,,1975,N-1 Stage 2,,,54,285,250,1
454,LE-3 (T),,,,LS-C 7,,,10,,,1
455,LE-5,LE-5,,,H1 St2,,,107,448,370,1
456,LE-5A,LE-5,,1994,H2 St2,,,122,452,600,1
457,LE-5B,LE-5,,,H2A St2,,,137,447,530,1
458,LE-7,LE-5,,1994,H2 St1,,,1080,445.6,346,1
459,LE-7A,LE-5,,,H2A St1,,,1100,440,390,1
460,LEO-1,,,2015,Super Strypi,710,1845,50,,51.5,1
461,LEO-46,,,2015,Super Strypi [1],22102,56360,1265.4,,76,1
462,LEO-7,,Orbus 7,,Super Strypi [2],3587,9266,105.1,,57.4,1
463,LK/LOK-40,LK/LOK-40,,,LK/LOK,,,.39,,,1
464,LPC A-1,,,1965,Apollo LES,2130,2292,690,,,1
465,LPC-415,,SRAM,1969,SRAM,1000,,,,,1
466,LPC-A1,,,1966,Apollo LES,2200,,690,,3,1
467,LPR-006,,,,LPR-006,,,6,,,1
468,LPR-3T,,,,LPR-3T,,,29,,,1
469,LR101-NA-7,,,1980,Upper stage vernier,,,5.2,251,,1
470,LR2-RM-6,,,1945,Lark,,,2.8,195,260,1
471,LR59-AJ-13,,LR59-AG-13,1957,Bomarc A,,,133,,4,1
472,LR87,LR87,,,Titan Stage 1 ?,,,1226,304,164,1
473,LR87AJ11,LR87,,,Titan Stage 1,,,1226,304,164,1
474,LR87AJ11A,LR87,,,Titan 4B Stage 1 x2,,,1226,302,164,1
475,LR87AJ5,LR87,,,Titan 2 Stage 1 x2,,,1045,296,147,1
476,LR87AJ9,LR87,,,Titan Stage 1  ?,,,1226,304,164,1
477,LR91,LR91,,1962,Titan 2 Stage 2,,,440,316,182,1
478,LR91AJ11,LR91,,1990,Titan  ??,,,472.2,316,223,1
479,LR91AJ11A,LR91,,1990,Titan 4 Stage 2,,,472.2,316,223,1
480,LR91AJ5,LR91,,1962,Titan 2 Stage 2,,,440,316,182,1
481,LR91AJ9,LR91,,1962,Titan 2 Stage 2  ?,,,440,316,182,1
482,LRE-4,,,2015,Simorgh [2],,,17.7,,,1
483,LS-A booster,,,1964,LS-A [1],475,600,60,,10,1
484,LS-C Booster,,,1969,LS-C,300,,,,,1
485,LVS,LVS,,1993,PSLV PS4 x 2,,3200,7.4,308,,1
486,LaRC Plastic,,,1958,Hi Ball,2.5,2,.4,100,3,1
487,Lance,6.65-KS-38800,,1958,X-7A3 Booster,761,1148,173,215,6.7,1
488,Lapwing,,,1967,Petrel,97.5,,,237,30,1
489,Leros 1,,,1991,Leros 1,,,.5,314,,1
490,Leros 1b,,,1996,"Messenger, MGS",,,.67,318,,1
491,Lobster,,,,Jaguar 1 [2],26,58,29,,2,1
492,Loki,Loki,,1956,Loki Dart,8,10,15,213,.8,1
493,Loki II,Loki,,1965,Loki II Dart,11,17,9,223,2,1
494,Lupus 1A,,,1969,Kookaburra [1],33.6,38,9.5,,5.2,1
495,Lupus 2,,,1972,Kookaburra [1],35.7,46,11.5,,4,1
496,Lupus 2D,,,1972,Kookaburra,35.7,48,11.5,,4,1
497,Lupus 3,,,1974,Kookaburra [1],41,61,11.5,,5.3,1
498,Luzou,,,1975,Eridan-ARAKS,7,,3,,1.7,1
499,M-10,Mu,,1970,Mu 4S [1],26555,,737,219,61,1
500,M-100,,,,M-100,250,,,,3,1
501,M-100 St2,,,,M-100 [2],100,,,,4.5,1
502,M-13,Mu,,1977,Mu 3H [1],33407,,954,239,70,1
503,M-14,Mu,,1995,Mu V [1],84000,,3786,276,49,1
504,M-20,Mu,,1970,Mu 4S [2],9850,,285,261,66,1
505,M-22,Mu,,1972,Mu 3C [2],9833,,285,273,70,1
506,M-23,Mu,,1980,Mu 3S [2],13100,,524,282,73,1
507,M-24,Mu,,1995,Mu V [2],34000,,1246,288,71,1
508,M-25,Mu,,1995,Mu V [2],38000,,1240,288,71,1
509,M-30,Mu,,1970,Mu 4S [3],2781,,128,265,42,1
510,M-34,M-34,,1997,M-V [3],11100,30000,,,,1
511,M-34,Mu,,1995,Mu V [3],11600,,294,301,102,1
512,M-34c,Mu,,1995,Epsilon,11600,,294,301,102,1
513,M-35,Mu,,2016,Epsilon,17200,,445,295,129,1
514,M-3A,Mu,,1972,Mu 3C [3],1245,,61,283,54,1
515,M-3B,Mu,,1985,Mu 3S2 [3],3603,,132,293.1,87,1
516,M-40,Mu,,1970,Mu 4S [4],445,,26.5,270,40,1
517,M-6,M6,Honest John,1963,HJ [X-202],1713,1800,373,,5.2,1
518,M-6 4DS105000,JATO M6,X-202E1,1950,HJ 4DS105000,800,1870,470,,4.4,1
519,M112,Mk 56 type,,,Hawk  Taurus Orion [,395,,,,,1
520,M112,,Hawk,1958,Hawk,630,,,,,1
521,M15A1 JATO,T60 JATO,16-NS-1000,1953,M16A1 JATO,,,4.4,,16,1
522,M22E8,Orion,,1977,Taurus Orion [2],389,,,,,1
523,M34 ZEL JATO,JATO,4-XX-130000,1955,Aircraft JATO,,,578,,4,1
524,M3A2 JATO,JATO,,1980,"M3A2 5"" JATO (HVAR?)",12.3,,,,,1
525,M55A1,Minuteman,M55A1,1961,Minuteman 1A XM-55,22930,54730,792,266.1,59.3,4
526,M56A1,Aries,M56A1,1961,Minuteman 1A XM-56 [,5240,12400,207,267.3,61,4
527,M56A1 PRP,Aries,M56A1,1961,Minuteman 1A XM-56 [,5480,12400,202,267.3,61,4
528,M57A1,M57,M57A1,1961,Minuteman 1A [3],2030,4485,76,276,59,4
529,M5E1,Nike,X-216,,Nike (Operational),630,640,195.6,,3.3,1
530,M5E1  (XM42),Nike,M30? X216,1956,Nike Hercules booste,984,,,,,1
531,MA-1/B,MA-1,,1957,Atlas B,,,1335,245,128,2
532,MA-1/B-A,MA-1,,1957,Atlas A,,,1210,245,125,2
533,MA-1/S,MA-1,,1957,Atlas B,,,267,210,253.6,1
534,MA-2/B,MA-1,,1959,Atlas D,,,1375,248,135,2
535,MA-2/S,MA-1,,1959,Atlas D,,,254,213,281,1
536,MA-3/B,MA-1,,1959,Atlas E,,,1468,250,,2
537,MA-3/S,MA-1,,,Atlas E,,,254,214,,1
538,MA-5/B,MA-1,,1962,Atlas SLV,,,1677,259,,2
539,MA-5/S,MA-1,,,Atlas SLV,,,269.2,220,,1
540,MA-5A/B,MA-5,,1991,Atlas 2,,,2065,293.4,165,2
541,MA-5A/S,MA-1/H-1,,,Atlas 2,,,380.6,311,274,1
542,MARC 13A1,,52KS3850,1960,Iris,506,,17,,52,1
543,MARC 14A1,,,,Arcas booster,16,,12,,.8,1
544,MARC 14B1,,.8KS18800,1960,Iris booster x 7,13.4,10,12,,.8,1
545,MARC 21A1,,17.5-KS-130,,Metroc,6.3,8,.6,,17.5,1
546,MARC 2B1,Arcas,,1960,Arcas,34.4,43,1.5,,29,1
547,MARC 2B1,Arcas,,,Arcas,30,,1.4,,29.2,1
548,MARC 2C2,Arcas,,,HV Arcas,26,,1.4,,29,1
549,MARC 42A1,,Arcas Boost,1960,Boosted Arcas 2 [0],30.8,,12.2,,3,1
550,MARC 42A2,,Arcas Boost,1960,Boosted Arcas [0],20,,,,,1
551,MARC 60A,Arcas,,1960,Super Arcas,38,60,1.6,,32.6,1
552,MB-1,Genie,2KS-36250,1956,Genie,273,100,161,,2,1
553,MB-3,MB-3,LR79-NA9,1957,Thor DM-18 [1],,116000,710,,160,1
554,MB-3 DM-21,MB-3,LR79-NA9,,Thor DM-21 [1],,,779,,170,1
555,MB-3-2,MB-3,LR79-NA9,,Thor DM-21 [1],,,760,,170,1
556,MB-3-3,MB-3,LR79-NA9,,Thor LTTAT [1],,,779,,170,1
557,MCR-3,,,1970,MCR-3/RH-125,20,,,,,1
558,MERA,,,1992,MERA,20,40,20,,2,1
559,MG-18,,,1962,Scout X-2M [4],248,591,,,,1
560,MLRS,,,,MLRS,150,170,53,,3.2,1
561,MMR-06,,,,MMR-06,80,,,,9,1
562,MR-103,MR-103,,1974,AOCS 1N,,,0,227,,1
563,MR-104,MR-104,,1977,AOCS 445N,,,.44,239,,1
564,MR-104H,MR-104,,2012,AOCS 890N?,,,.89,,,1
565,MR-106,MR-106,,1974,AOCS 30N,,,.03,232,,1
566,MR-107,MR-107,,1990,"Pegasus AOCS, OAM, H",,,.26,236,550,1
567,MR-111,MR-111,,1980,AOCS 4N,,,0,229,,1
568,MR-12,,,,MR-12,500,,,,,1
569,MR-125,MR-125,,1994,Astrid,,,.11,,30,1
570,MR-20,,,,MR-20,500,,,,,1
571,MR-25,,,,MR-25,500,,,,,1
572,MR-30,,,,MR-30,500,,,,,1
573,MR-50,MR-50,,1974,AOCS 22N,,,.02,228,,1
574,MSBS 501,,,,MSBS M51 [1],30000,,900,,60,1
575,MSBS 502,,,,MSBS M51 [2],10000,,300,,70,1
576,MSBS 503,,,,MSBS M51 [3],5000,,100,,40,1
577,MT 27,,,1964,Lex,75,200,10,200,20,1
578,MT-135,,,1964,MT-135,68,,8.1,230,10.5,1
579,MX-774,MX-774,,1948,Hiroc,,,9,,75,1
580,Mage 1,,,1977,Mage 1,368,,28.2,284.7,34,1
581,Mage 1S,,,1980,Mage 1S,450,,33.5,291,48.5,1
582,Mage 2,,,1980,Mage 2,520,,46.2,294,43,1
583,Mayfly,,,1957,Long Tom,230,224,62,,3.6,1
584,Melanie,,OPd 220,1959,Daniel [3],80,49,38,,4.4,1
585,Melusine,,,,Grannos,20,,,,,1
586,Merlin 1A,,,,Falcon 1 [1],,,378,304,169,1
587,Merlin 1C,,,,Falcon 1 [1],,,400,304,169,1
588,Merlin 1C+,,,,Falcon 1e [1],,,572,304,169,1
589,Merlin 1C-Vac,,,,Falcon 9 [1],,,427,342,169,1
590,Merlin 1D,,,,Falcon 9 [1],,,616,304.8,169,1
591,Merlin 1D-4,,,,Falcon 9 [1],,,780,304.8,169,1
592,Merlin 1D-5,,,,Falcon 9 [1],,,845,304.8,169,1
593,Merlin 1D-FT,,,,Falcon 9 [1],,,720,304.8,169,1
594,Merlin 1D-Vac,,,,Falcon 9-1.1 [2],,,801,345,372,1
595,Meteor-1,,,1963,Meteor-1,32.5,31,14,,2.3,1
596,Meteor-2,,,1968,Meteor-2,368,423,24,,18,1
597,Mk 104,,,,"SM-2 [2], Lynx",486,,,,,1
598,Mk 117 JATO,JATO,,,"JATO BQM74 5""",22.7,,11.2,,1.5,1
599,Mk 12 ASROC,,,,ASROC,480,,49,,,1
600,Mk 125 JATO,JATO,,,JATO Pioneer UAV,9.2,,,,,1
601,Mk 128 JATO,JATO,,,JATO C-130,64.4,,4.4,,15,1
602,Mk 136,,,,ASAS XL,100,,7,,15,1
603,Mk 15,Sidewinder,,,Sidewinder,45,,17.7,,2.1,1
604,Mk 17,AIM-9B Sidewinder,,,Sidewinder,45,,17.7,,2.1,1
605,Mk 22 Mod 2,,,,M58A1 munition,52,30,,,2.1,1
606,Mk 30,,,,SM-1,400,,,,,1
607,Mk 36,AIM-9D Sidewinder,,,Sidewinder,45,,,,,1
608,Mk 39,,,1965,Shrike,70,,35,,2,1
609,Mk 40 LSFFAR,,,1980,2.75-inch FFAR,5,5,3.2,,1.6,1
610,Mk 50 Mod 0,Sidewinder 1D,,1965,Sidewinder (Chaparra,43.8,63,12.2,230,4.7,1
611,Mk 56,,,,SM-1,600,,,,,1
612,Mk 56 ALTR,,,,SM-1,600,,,,,1
613,Mk 66 FFAR,,,,2.75-inch WrapAround,6.5,7,5.8,,1,1
614,Mk 72,Terrier,,,SM-3 [1],710,,,,,1
615,Mk 72 UTC,Terrier,,,SM-3 [1],710,,,,,1
616,Mk7,,"3.25""",1948,,13.1,9,9.8,,.9,1
617,Mockingbird,,,2001,Mockingbird,,,165,,72,1
618,Momo,,,2017,Momo,,,12,,100,1
619,Musca,,,1965,Musca,10,19,5.1,,3.7,1
620,N-25 Snark JATO,Snark,X-226,1955,Snark,800,800,209,,4,1
621,N-69A Snark JATO,Snark,,1955,Snark,2500,1900,470,,4,1
622,N-69C Snark JATO,Snark,,1955,Snark,2500,2300,580,,4,1
623,NA 801,Mamouth,,,Agate,1800,,190,,18,1
624,NA 802 Soleil C,Soleil,,1962,Topaze Court,1530,4680,120,245,39,4
625,NA 803 Soleil,Soleil,,1963,Topaze,2250,6460,147,,44,4
626,NA 804,Soleil,,1963,Topaze,2250,6460,147,,44,4
627,NA 805,Soleil,,1963,Topaze,2250,6460,147,,44,4
628,NAL-16,,,1965,NAL-16,70,,10.7,,14,1
629,NAL-25,,,1965,S-A,100,,,,,1
630,NAL-7,,,1965,NAL-7,20,,,,,1
631,NAL-735,,,2002,NAL-735,3500,,250,,49,1
632,NATIV,,,1947,NATIV,,,11.6,,,1
633,NII-612,,,,,,,6,286,,1
634,NK-15,NK,,1969,N-1 St1,,,1677,284,125,1
635,NK-15V,NK,,1969,N-1 St2,,,1755,346,120,1
636,NK-19,NK,,1969,Blok G,,,445,353,443,1
637,NK-21,NK,,1969,N-1 St3,,,402,353,370,1
638,NK-31,NK,,,N-1 St3 rev,,,402,,400,1
639,NK-33,,,,N-1 St1 rev,,,1510,,110,1
640,NK-33A,14D15,,,Soyuz-2-1V,,,1962,331.2,,1
641,NK-43,NK,,,N-1 St2 rev,,,1750,,130,1
642,NOTS 100A,,,1960,BSJr [4],50,,40,,20,1
643,NOTS 124-C,,,1955,X-17 HTV [3],30,,,,,1
644,NOTS 3SM,,,1958,Pilot [5],.6,1,.7,245,1,1
645,NOTS 401A,NOTS 400,,1970,NOTS 401A,500,,,,7.2,1
646,NOTS 500,,,1960,Caleb [1],900,,,,45,1
647,NOTS 8,,,1958,Pilot [4],14.9,29,5.1,245,5.7,1
648,NOTS Mod 551-B,,,1965,Terrier/551,371,831,,270,28,1
649,NP-110,,,,Fateh-110,2000,,,,,1
650,NRL Viking,NRL Viking,,1949,Viking,,,93.5,195,70,1
651,NRL-US,,,2006,MITEX Stage,,,.4,,,1
652,NSPO Booster,,,,NSPO,1000,,,,6,1
653,NSPO Sustainer,,,,NSPO,1000,,,,30,1
654,Neptune,,,1959,Antares [2],500,630,20,,32,1
655,Nodong,Nodong,,,TD1[1] x 4,,,144,255,170,1
656,Nudol' St 1,,,2015,A-235,15000,,,,5,1
657,Nudol' St 2,,,2015,A-235,2000,,,,5,1
658,OMS,OMS,,1981,STS OMS,,,26.7,316,90,1
659,OTRAG,OTRAG,,1977,OTRAG,,,58.7,250,126,1
660,Oka,,9M714,,,4000,,,,,1
661,Orbus 1,,,1988,Orbus 1,476,,31,,,1
662,Orbus 1A,,,2005,Orbus 1,476,,31,,,1
663,Orbus 21D,Orbus,,1982,IUS [1],10619,28140,187,293,150,1
664,Orbus 6E,Orbus,,1982,IUS [2],3865,,76.5,303.8,104,1
665,Oreste,,,,Monica,5,7,.9,,8,1
666,Orion 38,Pegasus,,1990,Pegasus [3],896,2185,36,289.6,69.6,1
667,Orion 50,Pegasus,,1990,Pegasus [2],3370,8666,138,292.3,73.3,1
668,Orion 50S,Orion,,1990,Pegasus  [1],13420,35108,485,294.4,72.4,1
669,Orion 50SXL,Orion,,1994,Pegasus XL [1],16400,43586,594,295,73.4,1
670,Orion 50SXLG,Orion,,2003,Taurus Lite [1],16400,43586,594,295,73.4,1
671,Orion 50SXLT,Orion,,2003,IRBM-T1 [1],16400,43586,594,295,73.4,1
672,Orion 50XL,Pegasus,,1994,Pegasus XL [2],4331,11218,196,289,72.5,1
673,Orion 50XLT,Pegasus,,1994,IRBM-T1[2],4331,11218,196,289,72.5,1
674,Orion LAS-AM,,,,Orion LAS,3464,,1780,,2.5,1
675,Orion-1,,,1966,Orion-1,140,,,,12,1
676,Orion-2,,,1966,Orion-2,140,,,,12,1
677,P-15,S2.721,,,,,,11.9,,,1
678,P064,Rubis,,1965,Diamant A [3],712,2300,52,,45,1
679,P068,Rubis,,1970,Diamant B [3],775,2300,52.5,280,46.5,1
680,P120C,,,2017,Vega-C,147000,368900,2774,277.5,133,1
681,P4,Rita I,P-4,1966,MSBS M1 [2],4000,12000,176,,65,1
682,P4-1 Booster,,,,,,,2.4,232,,1
683,P4-1 Sustainer,,,,,,,.5,262,,1
684,P80FW,,,2012,Vega [1],97131,242721,2100,280,106.8,1
685,P8E-9,Lance Sustainer,Dual Thrust,1964,Lance Sustainer,,,20,227,114,1
686,P8E-9 Boost,Lance Boost,Dual Thrust,1964,Lance Booster,,,190,227,6.1,1
687,PAP,Ariane,P9.5,1988,Ariane 4 PAP,12600,,650,241,42,1
688,PPS-1350,,,,SMART-1/Stentor,,,.092,1800,,1
689,PRD-18,,,1957,V-750 booster,300,,490,,4.5,1
690,PRD-33,,,1959,V-1000 booster,2700,,1962,,4.5,1
691,PS3,PS3,,1993,PSLV PS3,8400,28000,324,294,83,1
692,PSOM,PSOM,,1993,PSLV PSOM,11000,20700,677,262,44.2,1
693,PSOM-XL,PSOM,,2006,PSLV PSOM,12400,20700,677,262,58,1
694,PSSC,,,2011,PSSC,2,40,,,,4
695,PTDU,,11D82M,1960,Zenit/Resurs,405,736,29,277.4,23.3,1
696,PWR35M,,,2009,Taurus 2 Alt-2,,,,,,1
697,Paekkom,,,,Paekkom booster (1 o,1000,,,,,1
698,Peregrine,MSFC,,2013,Peregrine,1200,,,,,1
699,Pershing 2 St1,,,1982,Pershing 2 [1],4110,,172,276,58,1
700,Pershing 2 St2,,,1983,Pershing 2 [2],2600,,134,279,46,1
701,Pollux,Castor,XM-33E4,1959,Pollux,3742,,222,,27,1
702,Polyot,,,,IS,,,3.9,,,1
703,Prithvi,,,1988,Prithvi,,,100,,,1
704,Proson 1,,,,Proson,60,,,,,1
705,Proson 2,,,,Proson,30,,,,,1
706,R-31 St 2,,,1973,R-31 [2],6500,,233,,73.6,1
707,R-31BS,,,1976,R-31 BS,300,,1,,101,1
708,R-39 St 2,,,,RT-23 [2],25000,,1050,,,1
709,R-39 St 3,,,,R-39,10000,,,,,1
710,R-4D-11,R-4D,,,HS-601 LAE,,20000,.49,315.5,,1
711,R-6C,,,,ATS-1 AOCS?,,,.02,,,1
712,RD 15A18-BR,,,,R-36M2 BR,,,18.6,,600,1
713,RD R-29 St 2,,,,R-29R St 2,,,100,,94,1
714,RD R-29RM St 2,,,,R-29RM St 2,,,100,,94,1
715,RD R-29RM St 3,,,,R-29RM St 3,,,100,,87,1
716,RD RT-1-3,,,,RT-1 [3],3000,,240,,42,1
717,RD RT-15-2,,,,RT-15,10000,,500,,30,1
718,RD RT-21 (1),,,,Temp-2S [1],26000,,,,63,1
719,RD RT-21 St2,,,,Pioner [2],8700,,,,,1
720,RD RT-21-3,,,,RT-21 [3],8700,,1000,,245,1
721,RD-0106,RD-0106,8D715,1961,R-9 St2,,,300,325,140,4
722,RD-0107,RD-0106,8D715K,1962,Blok I,,,297.9,326,250,4
723,RD-0110,RD-0106,,1960,Blok I,,,297.9,325,240,4
724,RD-0120,11D122,,1987,Energiya St2,,,1961,455,480,1
725,RD-0124,RD-0106,14D23,2006,Soyuz 2-1B St3,,,294.3,359,,1
726,RD-0124A,,,2014,Angara URM-2,,,294.3,359,424,1
727,RD-0203,RD-0203,,1963,UR-200 [1] x 1?,,,560,,,1
728,RD-0204,RD-0203,,1963,UR-200 [1] x 3?,,,560,,,1
729,RD-0206,RD-0203,,1963,UR-200 [2],,,590,,,1
730,RD-0207,RD-0207,,1963,UR-200 [2] vernier,,,30.9,297,,1
731,RD-0210,RD-0203,8D411K,1965,UR-500 [2] x 1?,,,582.5,326.5,210,1
732,RD-0211,RD-0203,8D412K,1965,UR-500 [2] x 3?,,,582.5,326.5,210,1
733,RD-0213,RD-0203,8D48,1967,UR-500 [3],,,583,326.5,230,1
734,RD-0214,RD-0207,,1967,UR-500 [3] vernier,,,31,293,,1
735,RD-0216,RD-0216,15D1,,UR-100 St 1,,,219,313,,1
736,RD-0217,RD-0216,15D2,,UR-100 St 1 center,,,219,313,,1
737,RD-0221,,,,N-1/L-3 RB,,,78,330,,1
738,RD-0225,RD-0225,,,,,,3.9,287,,1
739,RD-0228,,,,R-36M [2],,,755,,153,1
740,RD-0231,,,,,,,29,275,,1
741,RD-0233,RD-0233,,1972,UR-100N [1],,,520,310,,1
742,RD-0235,RD-0235,,1972,UR-100N [2],,,240,320,,1
743,RD-0236,RD-0236,,1972,UR-100N [2] vernier,,,15.8,293,,4
744,RD-0237,,,1972,UR-100N BR,,,4.9,200,,1
745,RD-0242,,,,,,,123.6,303,,1
746,RD-0244,RD-0244,,,Shtil' St 1,,,825.8,300,79,1
747,RD-0245,,,,R29RM St 1 vernier,,,211,300,,1
748,RD-0255,RD-0203,,,R-36M2 [2],,,760,,153,1
749,RD-0256,RD-0203,,,R-36M2 [2] ?,,,760,,153,1
750,RD-100,A-4,8D51,1948,R-1,,,307,206,63,1
751,RD-101,A-4,8D52,1949,R-2,,,363,210,,1
752,RD-103,A-4,8D54,1953,R-5,,,500,220,,1
753,RD-103M,A-4,8D71,1953,R-5M,,,500,220,,1
754,RD-107,RD-108,,,Soyuz BVGD,,,991.7,310,120,4
755,RD-107A,RD-108,14D22,,Soyuz FG BVGD,,,1000,310,120,4
756,RD-108,RD-108,,,Soyuz A,,,997.1,311,286,4
757,RD-108A,RD-108,14D21,,Soyuz FG A,,,1000,311,286,4
758,RD-108PF,RD-108,11D512PF,,Soyuz U2 A,,,1009.4,311,286,4
759,RD-111,RD-111,8D716,1961,R-9 St 1,,,1381,312,108,4
760,RD-111 (1),RD-111,8D717,1961,R-9 St 1,,,1373,327,,4
761,RD-112,RD-112,,1960,,,,1089,344,,1
762,RD-113,RD-112,,1960,,,,1138,360,,1
763,RD-114,RD-112,,1961,,,,1653,341,,1
764,RD-115,RD-112,,1961,,,,1726,357,,1
765,RD-119,RD-109,8D710,1961,63S1,,,105,352,,1
766,RD-120,11D123,,1985,Zenit St 2,,,834,350,,1
767,RD-151,RD-170,,2009,Naro-1,,,1670,337,229,1
768,RD-170,RD-170,11D520,1985,Energiya,,,7908,337,,4
769,RD-171,RD-170,,1985,Zenit St 1,,,7908,337,,4
770,RD-180,RD-170,,2000,Atlas 3 [1],,,4152,337.8,190,2
771,RD-181,RD-170,,2015,Antares [1],,,1922,311.9,,1
772,RD-191,RD-170,,2009,Angara URM,,,2079,337,150,1
773,RD-214,RD-214,8D59,1957,R-12,,,730,264,,4
774,RD-214 Early,RD-214,,1957,R-12,,,625,210,,4
775,RD-215,RD-215 8D513,,1960,R-14,,,864,291,,1
776,RD-216,RD-215,11D614,,Kosmos-3M St1,,,1728,291,130,4
777,RD-217,RD-215 8D713,,1960,R-16,,,865,289,106,1
778,RD-219,RD-215 8D713,,1960,R-16,,,882,293,80,1
779,RD-224,RD-215,,,,,,1778,294,,1
780,RD-225,RD-215,,,,,,889,294,,1
781,RD-250,RD-250,,1963,R-36 [1],,,882,269.6,120,2
782,RD-251,RD-251,,1965,R-36 [1] = RD-250 x,,,2643,301,120,1
783,RD-252,RD-250,,1963,R-36 [2],,,902,317.6,160,2
784,RD-253,RD-253,11D48,1965,UR-500 [1] x 6,,,1635,316,120,1
785,RD-253 14D14,RD-253,14D14,1986,Proton-M [1] x 6,,,1750,316,120,1
786,RD-261,RD-251,,1965,R-36 [1] = ? x 3,,,3032,270,120,2
787,RD-262,RD-250,,1963,R-36 [2],,,941,318,160,2
788,RD-263,RD-250,,,R-36M  [1] x 4 = RD-,,,1131,,98,1
789,RD-268,RD-250,,1970,MR-UR-100 [1],,,1236,319,,1
790,RD-273,RD-250,,,R-36MU [1] x 3,,,1239,,98,1
791,RD-275,RD-253,,1986,Proton-M [1] x 6,,,1745,317,130,1
792,RD-8,,,1985,Zenit [2],,,78.4,342,,1
793,RD-843,,,2012,Vega [4] mdot=0.792,,,2.45,315.5,,1
794,RD-851,RD-851,,,,,,32.5,279,,1
795,RD-852,RD-851,,,,,,48.3,255,,1
796,RD-854,,,1965,OGCh,,,75,312,,1
797,RD-855,,,,,,,285.4,292,,1
798,RD-856,,,,,,,54.2,281,,1
799,RD-857,15D12,,1967,RT-20P [2],,,147,330,215,1
800,RD-858,,,,,,,20.1,315,,1
801,RD-859,,,,,,,20.1,312,,1
802,RD-861,S5M,D-25,1977,S5M,,,78.7,314.4,130,1
803,RD-861K,,,2008,Tsiklon-4 [3],,,77.6,330,470,1
804,RD-862,,,,,,,142.6,331,,1
805,RD-863,,,,,,,276.8,301,,1
806,RD-864,,,,,,,20.2,309,,1
807,RD-866,,,,RT-23 [3],15000,,206,,,1
808,RD-866,,,,,,,5.2,306,,1
809,RD-868P,,,2015,Vega [4] mdot=0.792,,,2.45,315.5,,1
810,RD-869,,,2012,Pre Vega,,,2.45,315.5,,1
811,RDMT-100,RDMT-100,,,,,,.1,260,,1
812,RDMT-135,RDMT-100,,,,,,.14,260,,1
813,RDMT-200,RDMT-100,,,,,,.2,255,,1
814,RDMT-400,RDMT-100,,,,,,.4,255,,1
815,REA 20-4,REA20-4,,,,,,.56,,,1
816,RH-125,,,1970,RH-125,30,30,10.5,,2.9,1
817,RH-125S,,,1970,RH-125S,30,30,10.5,,2.9,1
818,RH-200,,,1970,RH-200,60,96,16.9,,5.7,1
819,RH-200SV,,,1970,RH-200SV,140,,16.9,,10,1
820,RH-300,,,,RH-300,300,,33.3,,16,1
821,RH-300 Booster,,,,RH-300 booster,200,,37.5,,6,1
822,RH-300-II,,,,RH-300-II,500,,39.1,,20.2,1
823,RH-560,,,,RH-560,900,,76,,19,1
824,RH-560S,,,,RH-560S,1300,,119,,19,1
825,RH-75,,,1967,,10,,,,,1
826,RL10,RL10,,,Centaur I,,,66.7,433,470,1
827,RL10A-1,RL10,,,Centaur,,,66.7,425,430,1
828,RL10A-3,RL10,,,Centaur,,,65.6,444,470,1
829,RL10A-3-3A,RL10,,,Centaur T,,,73.4,444,550,1
830,RL10A-3A,RL10,,,Centaur,,,73.4,444,550,1
831,RL10A-4,RL10,,,Centaur IIA,,,92.6,449,370,1
832,RL10A-4-1,RL10,,,Centaur IIA/IIIA,,,99.2,450.5,370,1
833,RL10A-4-1B,RL10,,,Centaur IIIA,,,99.2,450.5,370,1
834,RL10A-4-2,RL10,,,Centaur,,,99.2,451,370,1
835,RL10B-2,RL10,,1998,Delta III,,,110.1,465.5,700,1
836,RL10C-1,RL10,,2014,Delta IV,,,101.8,449.7,700,1
837,RL10C-2,RL10,,2014,SLS?,,,110,462.5,700,1
838,RM-1,,,2003,SS1,,7200,90,,80,1
839,RM-1100,Asp,,1959,Asp,85,141,26.6,215,5.3,1
840,RM-1400,Asp,,1960,Asp IV,90,158,12.7,235,12,1
841,RM-2,,,2007,SS2,,16000,270,,60,1
842,RM-3141,Scale Sergeant,,1959,Ascamp [2],25,48,7.6,222,6.3,1
843,RO-5,,8D714,1958,Blok E,,,49.9,316,450,1
844,RO-7,,8D719,1959,Blok E,,,54.5,323,430,1
845,RS-14,,,1968,Min 3 PBS,,,1.4,287.8,,1
846,RS-18,RS-18,,1968,LMAS,,,15.6,309.9,,1
847,RS-2101A,,,1971,Mariner 9,,,1.33,283,,1
848,RS-2101C,,,1975,Viking,,,1.33,294,,1
849,RS-27,RS-27,,1974,Thor,,,1023,295,274,1
850,RS-27A,RS-27,,1990,Thor,,,1086,302,261,1
851,RS-34,,,1983,Peacekeeper [4],,,11.8,308,168,1
852,RS-36,,,1982,HOE Axial Engine,,,55.6,281,,1
853,RS-68,RS-68,,,Delta 4,,,2950,409,,1
854,RS-68A,RS-68,,2012,Delta 4,,,3124,414,,1
855,RS-B-535,,,1972,BLDT,,,,,,1
856,RSA-3-1,RSA,,1988,RSA-3,10215,,451,265,52,1
857,RSA-3-2,RSA,,1988,RSA-3,10971,,477,277,52,1
858,RSA-3-3,,,1988,RSA-3,2048,,59,298,94,1
859,RT-1-1,,,,RT-1 [1],19000,,900,,30,1
860,RTV,RTV Motor,,1956,Juno I [4],37,51,8.5,230,5.4,1
861,RV-A-10,Sergeant,Hermes A-2,1953,RV-A-10,2700,3600,157.5,,24,1
862,RX-250-LPN,,,1987,RX-250-LPN,300,310,52,,6,1
863,RX-320,,,2008,RX-320,500,510,,,,1
864,RX-420,,,2009,RX-420,900,,,,,1
865,RZ.2,,,1964,Blue Streak (x2),,,756,248,146,1
866,Raven 1,Raven,,,Skylark [?],1160,,80,214.5,35,1
867,Raven 11,Raven,,,Skylark 5,1280,2502,105,,39,1
868,Raven 2,Raven,,,Skylark [?],1160,,80,214.5,35,1
869,Raven 5,Raven,,,Skylark [?],1160,,80,214.5,35,1
870,Raven 6,Raven,,,Skylark,1160,,80,214.5,35,1
871,Raven 7,Raven,,,Skylark [?],1160,,80,214.5,35,1
872,Raven 8,Raven,,,Skylark,1018,,50,209.5,35,1
873,Recruit,Recruit,Recruit 1A,,Squirt,170,269,173,225,2.2,1
874,Redstone A-7,Redstone,,1953,Juno I [1],,58000,416.2,265,155,1
875,Rita II,P-6,P6,1973,MSBS M2 [2],6000,,320,,52,1
876,Rook,Raven,,1960,Rook,1057,1720,,,5.5,1
877,Rook II,Raven,,1960,Rook,1170,1735,,,7,1
878,Rutherford,,,2017,Electron St 1,,,20.3,303,,1
879,Rutherford Vac,,,2017,Electron St 2,,,22,327,,1
880,S-160,,,1964,S-160,90,,,,,1
881,S-20,,,1966,Sonda 2,316,612,36,257,20,1
882,S-210,,,1969,S-210,210,,,,17,1
883,S-23,,,1966,Sonda 2M,182,,18,,,1
884,S-30,Sonda,,1976,Sonda 3,1205,2256,102,266.3,22,1
885,S-300,,,,S-300,400,,,,,1
886,S-31,Sonda,,2004,Sonda VSB-30,961,1730,136,261,12,1
887,S-310,,,1975,S-310,671,,80,,31.6,1
888,S-3D,S-3D,,1957,Jupiter [1],,120100,667,247,180,1
889,S-40,Sonda,,1991,VS-40 [1],5340,11600,191,270.8,58.2,1
890,S-400-12,,,,European LAE,,,.44,318,,1
891,S-400-15,,,,European LAE,,,.44,321,,1
892,S-43,Sonda,,,VLS,8820,19500,308,279.1,62,1
893,S-44,Sonda,,1991,VLS [4],917,2250,30.8,281.9,73,1
894,S-50000,,,2004,CSXT,272,430,71,,13.4,1
895,S-520,,,1980,S-520,1796,3984,143.2,264.8,28.7,1
896,S-A,,,1965,S-A,36,29,2.5,164,12,1
897,S-B,,,1965,S-B,70,,,,,1
898,S-C,,,1965,S-C,70,,,,,1
899,S09.29,S09.29,,,,,,88,,,1
900,S1.5400,S1.5400,11D33,1965,Blok L,,,66.7,340,250,1
901,S125,PS1,,,GSLV S125,157300,486000,4801,266,93,1
902,S139,PS1,,1993,PSLV PS1,168000,,4430,269,105,1
903,S2.1100,S2.253,,1957,Burya,,,673,,,4
904,S2.1150,S2.1150,,1959,Burya,,,671.2,250,,1
905,S2.253,S2.253,,1953,R-11,,,80,251,78,1
906,S2.253A,S2.253,,1953,R-11FM,,,93,251,78,1
907,S2.711,,,1957,V-750,,,13.8,,22,1
908,S2.711V,,,1957,V-750,,,30.4,,25,1
909,S2.713,S2.713,,,R-13,,,252,,,1
910,S2.720,S2.720,,,,,,34.3,233,,1
911,S2.721V,S2.721,,1956,,,,11.8,,,1
912,S2.726,S2.726,,1958,V-1000,,,103,,55,1
913,S200,GSOM-200,,2009,GSLV3 GSOM,207000,,6000,274,105,1
914,S250,,,1969,SO-250,200,,,,,1
915,S5.1,S5.1,,,,,,167,,,1
916,S5.120,,,,Argon (Zenit-6U),,,,304,,1
917,S5.2,9D21,,,R-17,,,131.2,258,,
918,S5.3,S5.3,,,R-21,,,392,,,1
919,S5.38,S5.3,,,R-21,,,392,,,1
920,S5.3M,S5.3,,,,,,396.7,241,,1
921,S5.4,S5.4,,,,,,15.8,266,,1
922,S5.44,S5.44,,,,,,177,251,,1
923,S5.45,S5.45,,,,,,1961,267,,1
924,S5.5,KTDU-5,,,Luna E-6,,,44,287,,1
925,S5.51,,,,LOK PAO,,,33.2,314,,1
926,S5.92,S5,,1988,"Fobos, Briz, Fregat",,20000,19.6,330,1000,1
927,S5.92 (A),S5,,1988,Fregat [Umanskiy],,20000,19.91,333.4,1350,1
928,S5.98,14D30,,1998,Briz-M,,,19.62,331.9,3200,1
929,S5.98M,,,,Briz,,,19.6,326,1000,1
930,S9,,,,S9,11800,,702,259,45,1
931,SA-II,,,1965,SA-II,70,,,,,1
932,SALVO Ventions,,,2014,SALVO,,,4.4,,,1
933,SARGE,LE23000FC,,2018,SARGE,,,24.1,200,60,1
934,SB-310,,,1966,Lambda [0],502,,95,220,7.4,1
935,SB-735,L735,,1985,Mu 3SII [0],5124,,328,266,38,1
936,SE5-2,SE5-2,,1962,Agena APS,,,.21,272,,2
937,SEP 401,401,,1980,MSBS M4 [1],22500,,900,,60,1
938,SEP 402,402,,1980,MSBS M4 [2],8800,,300,,70,1
939,SEP 403,403,,1980,MSBS M4 [3],1500,,100,,40,1
940,SEP 901,P-10,P-10,1966,SSBS S01 [1],10000,,440,,50,4
941,SEP 902,P-16,P-10,1968,SSBS S2 [1],16000,,540,,,4
942,SEP 903,P-10,P-10,1965,SSBS S2 [2],10000,,440,,,4
943,SEP 904,P-10,P-10,1966,MSBS M1 [1],10000,,450,,50,4
944,SEPR 685-4,,Mimosa,1959,Antares [3],150,167,33,,5,1
945,SEPR 734-1,,Vesuve,1959,Antares [1],800,1025,200,,5,1
946,SEPR 737,,,,Aigle,900,,75,,16,1
947,SEPR 739,Berenice,BER,1960,Berenice,1930,,170,260,20,1
948,SEPR 739-2,,Tacite,1965,Tacite,1702,,170,234,20,1
949,SEPR 740,,,1962,Berenice St 2,1110,,,238,20,1
950,SEPR 740-3,,,1962,,1110,,,238,20,1
951,SEPR P163,,,1963,Emma [1],50,,,,35,1
952,SEPR P167,,,,Berenice strapon,23,,34,,,1
953,SEPR P191,,,,Emma [0],20,15,14.8,,1,1
954,SEPR-200,Tramontane,Tramontane,1962,Berenice,280,333,50,,6.7,1
955,SEPR-732,,,,SE4400 booster,500,940,,,4.7,1
956,SICBM,SICBM Stage 1,,1989,SICBM [1],16100,,979,,40,1
957,SICBM2,SICBM Stage 2,,1989,SICBM [2],3260,12000,267,,44,1
958,SICBM3,SICBM Stage 3,,1989,SICBM [3],1550,,88,,,1
959,SICBM4,,,1989,SICBM PBS,,,2,,,1
960,SLV-3-1,,,1979,SLV-3 [1],10800,,422,253,49,1
961,SLV-3-2,,,1979,SLV-3 [2],4900,,267,266.9,40,1
962,SLV-3-3,,,1979,SLV-3 [2],1500,,90.7,276.9,45,1
963,SLV-3-4,,,1979,SLV-3 [4],360,,26.8,282.9,33,1
964,SM-3-II-2,,,,SM-3-II-2,700,,,,,1
965,SM-3-II-3,,,,SM-3-II-2,300,,,,,1
966,SO-250,,,,SO-250,150,,,,,1
967,SPRAN-50,,,1959,Daniel,400,,,,5.6,1
968,SQ/DF-11,,,,DF-11,5400,,93.2,,,1
969,SR.116,AIM-9P Sidewinder,,,Sidewinder,45,,17.7,,2.1,1
970,SR119,MX Stage 2,,1983,Peacekeeper [2],27669,,1365,304,54,1
971,SR120,MX Stage 3,,1983,Peacekeeper [3],7983,,329,306,62,1
972,SR19,Minuteman-SR,,1964,Minuteman 2/3 [2],7280,,270,287.5,65.5,1
973,SR19-ATK,Minuteman-SR,,2004,Minuteman 2/3 [2],7033,,268,287.5,65.5,1
974,SR71-AD-1,,,1968,Loki Dart PWN-8B,11,18,9,231,2,1
975,SR73,Minuteman-SR,,1968,Minuteman 3 [3],3655,,152,285,61,1
976,SR73-ATK,Minuteman-SR,,1968,Minuteman 3 PRP [3],3655,,152,285,61,1
977,SRM,SRM,,1981,STS SRB,590000,,11790,267.3,123,1
978,SRMU,SRMU,,1994,Titan 4B,350000,,7500,285.6,137.8,1
979,SS-30,,,,FTB,60,,,,,1
980,SS-50 Antares,,,1972,Tauro,200,,,,18,1
981,SS-520,,,,SS-520 St 2,400,,,,,1
982,SS-520 S3,,,,SS-520 St 3,78,,,,,1
983,SSME,RS-24,,1981,STS ET,,,2100,452.5,516,1
984,ST-735-1,,,,ST-735 [1],7400,,250,,49,1
985,ST-735-2,,,,ST-735 [2],4000,,250,,,1
986,STIG-A,,,2011,STIG-A,,,22.5,200,50,1
987,STIG-B,,,2011,STIG-B,,,22.5,200,50,1
988,SVM-2,,,1968,Intelsat 3,159,400,14,285,28,1
989,Safir,,,2008,Safir [3],1000,,,,,1
990,Saluki B,,,1960,Blue Water [1],360,,195.5,,6,1
991,Saluki S,,,1960,Blue Water [2],442,,35.6,,27,1
992,Seagull,,,1963,Seagull,8,,10,,2,1
993,Sejjil,,,,Sejjil,13000,,560,230,45,1
994,Sejjil St 2,,,,Sejjil,5000,,560,230,20,1
995,Seliger 1,,,1962,Seliger,1000,,50,,,1
996,Seliger 3,,,1962,Seliger,500,,50,,,1
997,Shaheen-2,,,,Shaheen 2 [2],4000,,,,,1
998,Shourya,,,,Shourya [2],5000,,,,,1
999,Shourya Booster,,,,Shourya [1],3000,,,,,1
1000,Sirocco,LPC S-10,,1960,Sirocco,65,111,14.8,,,1
1001,Skybolt,,,,Skybolt,2500,,164,245,40.7,1
1002,Skybolt St2,,Skybolt.St2,1950,Skybolt [2],1230,,81.8,245,41.3,1
1003,Snipe,,,1974,INTA 300 [2],190,261,16.3,,16,1
1004,Sonda 1,,,1965,Sonda 1,27.3,,4.2,,,1
1005,Sonda 1 Booster,,,1965,Sonda 1,27.5,,27,,,1
1006,SpaceLoft,,,2006,SpaceLoft XL,200,,36.6,,12,1
1007,Spectre,,,,Blue Steel,,,35.6,,,1
1008,Sprite,,,,RATO,,,22.2,,,1
1009,Stable Super Loki,,,1973,Stable Super Loki,27,44,21.2,228.7,2.1,1
1010,Star 10,,TE-M-195,1959,SRV Retro Mk I,17,30,33.5,251,9,1
1011,Star 12,,TE-M-236,1960,SRV Mk IV Retro,27.8,46,5.6,252,7.5,1
1012,Star 12A,,TE-M-236-3,1971,Super SARV Retro,33.5,61,7.3,270,7.5,1
1013,Star 13,,TE-M-458,,Star 13,36,84,4.1,273,21,1
1014,Star 13A,,TE-M-516,,Star 13A,38,94,5.9,286.5,15.3,1
1015,Star 13B,,TE-M-763,,Star 13B,47,116,7.6,285.7,14.8,1
1016,Star 13C,,TE-M-345,,Star 13C,38,81,5,218,15,1
1017,Star 13D,,TE-M-375,,Star 13D,35.3,76,5,223,15,1
1018,Star 13E,,TE-M-385,,Star 13E,30.5,63,4.2,211,15,1
1019,Star 13F,,TE-M-444,,Star 13F,40.1,94,6.3,240,15,1
1020,Star 17,,TE-M-479,,Star 17,79,198,11,286,17.6,1
1021,Star 17A,,TE-M-521-5,,Star 17A,125.5,320,16,286.7,19.4,1
1022,Star 20,Altair,TE-M-640-1,1970,Scout G [4],300,772,27.1,286.5,27.5,1
1023,Star 24,,TE-M-604,1969,Star 24,218,561,18.5,282.9,29.6,1
1024,Star 24C,,TE-M-604-4,1978,Star 24 IUE,239,614,21.5,282.3,28,1
1025,Star 26,Star 26,TE-M-442,,Strypi IV,269,616,33.3,271,17.8,1
1026,Star 26B,Star 26,TE-M-442-1,1974,Burner 2A [2],261,635,34.6,271.7,17.8,1
1027,Star 26C,Star 26,TE-M-442-2,1980,DOT,262,622,35,272.1,16.8,1
1028,Star 27,,TE-M-616,1976,Star 27,360.5,951,26.7,288,34.3,1
1029,Star 30A,,TE-M-700-4,1980,Star 30,492,1345,27,294.7,54,1
1030,Star 30B,,TE-M-700-5,1980,Star 30,537,1460,27,293,54,1
1031,Star 30BP,,TE-M-700-20,1980,Star 30BP,542,1460,27,292,54,1
1032,Star 30C,,TE-M-700-18,1980,Star 30C,629,1500,32.7,286.8,51,1
1033,Star 30E,,TE-M-700-19,1980,Star 30E,666,1788,35.3,290.5,49,1
1034,Star 31,Antares,TE-M-762,,Scout G [3],1392,3738,82.3,293.5,45,1
1035,Star 37,TE-364,TE-M-364-1,1966,Star 37,621,1585,,260,,1
1036,Star 37B,TE-364,TE-M-364-2,1966,Star 37B,718,1860,,291,,1
1037,Star 37C,TE-364,TE-M-364-18,,Star 37C,1047,2708,,285.5,,1
1038,Star 37D,TE-364,TE-M-364-3,,Star 37C,719,1860,45,266,,1
1039,Star 37E,TE-364,TE-M-364-4,,Star 37C,1123,2911,,283.6,,1
1040,Star 37F,TE-364,TE-M-364-19,,Star 37F,934,2445,,286,,1
1041,Star 37FM,TE-364,TE-M-783,,Delta 7326 st 3,1147,3052,45.8,291.8,66.4,1
1042,Star 37GV,TE-364,,,Delta 7326 st 3,1084,2825,87,290,49,1
1043,Star 37N,TE-364,TE-M-364-14,,Star 37N,622,1591,,290,,1
1044,Star 37S,TE-364,TE-M-364-15,,Star 37C,711,1870,,287.3,,1
1045,Star 37XE,TE-364,TE-M-714-8,,Star 37XE,1401,,56,289.6,66,1
1046,Star 37XF,TE-364,TE-M-714-8,,Star 37XF,953,2340,56,290,66,1
1047,Star 37XFP,TE-364,TE-M-714-16,1985,Star 37XFP,955,2538,38,290,66,1
1048,Star 48,,TE-M-711-3,1980,Star 48,2113,,67.2,286,88,1
1049,Star 48B,,TE-M-711-17,1980,STS PAM-D,2134,5673,67.2,286,84.1,1
1050,Star 48B,,TE-M-711-18,1980,Delta PAM-D,2140,5801,68.7,292.1,84.1,1
1051,Star 48BV,,,,Conestoga,2168,5801,152,292,84.1,1
1052,Star 48V,,TE-M-940-1,,Conestoga,2160,5801,68.8,292.1,84.1,1
1053,Star 63D,,TU-936,1985,PAM-D2,3500,9046,84.8,283,118,1
1054,Star 63F,,TE-M-936-2,1993,Star 63F,4591,12535,104.7,297.1,120,1
1055,Start,Topol,,,Start-1 [4],1000,,100,295,207,1
1056,Stentor 101,,,1950,Blue Steel,,,112,,,1
1057,Stonechat I,,,1969,Stonechat,4780,8340,232,258.2,32.3,1
1058,Stonechat II,,,1971,Stonechat,5090,9610,242,293,32.8,1
1059,Stromboli,,,1968,Eridan [1],942,1550,97,230,16,1
1060,Super Draco,,,2009,Dragon,,,73,235,25,1
1061,Super Draco,,,2014,Dragon2,,,71,235,25,1
1062,Super Loki,,,1968,Super Loki,23,38,17.8,232,2.1,1
1063,Sword 3KS5000,,,,Cleansweep III,42,60,16,,3.8,1
1064,T-22,,,1944,Private A Booster,5,,24,206,.2,1
1065,T-40,,,1949,TB1 [4],62,89,13.3,,6,1
1066,T-41,Falcon,M-46,1949,Falcon,12,,,,,1
1067,T-55,,,1956,Terrapin,28,,21.4,,1.3,1
1068,T-7 LRE,,,1960,T-7,1000,,2,,,1
1069,T-7 booster,,,,T-7,500,,2,,,1
1070,T48,,,1954,Nike T48 Ajax,900,658,193,,3.4,1
1071,TD-187,Bullpup A,,1950,Bullpup,92,,53,,,1
1072,TD-2,,,2006,TD-2,,,250,,120,1
1073,TD-232,Bullpup B,,1950,Bullpup,255,,53,,,1
1074,TD-339,,,1966,Surveyor Vernier,3,,.46,287,,1
1075,TD1,,,1997,TD1 [3],252,,18.3,250,27,1
1076,TE-29-1A,Recruit,Recruit 1A,,Recruit,170,269,173,225,2.2,1
1077,TE-307,Apache,,1961,Apache,135,167,21.1,,6,1
1078,TE-388,Iroquois,,,Iroquois,100,,,,,1
1079,TE-406,Tomahawk,Tomahawk,1965,Tomahawk,220,417,53,,9,1
1080,TE-416,Tomahawk,Tomahawk,1965,Tomahawk,220,417,53,,9,1
1081,TE-473,Sandhawk,Sandhawk,,Sandhawk,600,1400,90,238,15,1
1082,TE-M-380,LES Jettison,,1965,Apollo LES Jettison,242,165,147,,,1
1083,THAAD,,,2004,THAAD,500,,,,,1
1084,THAAD Proto,,,1995,THAAD,500,,,,,1
1085,TQS492-2,,,2011,DFH-4 LAE,,15000,.49,315.1,,1
1086,TR-1,,,1989,TR-1,8558,32000,608,271.6,52,1
1087,TR-1A,,,1989,TR-1A,8558,32000,716,271.6,49,1
1088,TR-201,,,,Delta 2910,,,41.9,301.3,,1
1089,TR-306,DM-LAE,,1991,LM5000,,,.45,315,,1
1090,TR-308,DM-LAE,,1999,CXO,,,.47,322,3000,1
1091,TR-500,SCAT,,2001,Geolite,,,.04,,,1
1092,TT-200,,,,TT-200,150,,,,,1
1093,TT-210,,,,TT-210,150,,,,,1
1094,TT-500,,,,TT-500,1300,,116,,,1
1095,TT-500-S2,,,,TT-500-S2,700,,61,,,1
1096,TU-122,Minuteman,M55E1,1962,Minuteman 1B,23240,,891,,60,4
1097,TU-122-ATK,Minuteman,M55E1,1962,Minuteman 3 PRP,23240,,891,,60,4
1098,TU-223,,M16E3,1955,Mace Booster [0],700,,449,,2.4,1
1099,TU-289,Genie,Genie,1967,Genie,300,,162,,,1
1100,TU-715,Genie,Ute,1971,Ute,190,277,85,,4.6,1
1101,TU-716,Genie,Paiute,1972,Paiute,308,520,186,,3.7,1
1102,TU-758,SAM-D,Malemute,1974,Malemute (TX-516?),619,1395,55.1,281.2,22,1
1103,TU-904,MX,,1983,Peacekeeper [1],48625,,1711,281.4,78.8,1
1104,TX-12,,XM-100,1950,Sergeant,3134,,,,,1
1105,TX-135,,,1968,Spartan [1],5295,,2000,,4.5,1
1106,TX-16-1,,M16F1,1955,Matador [0],618,,254,,2.4,1
1107,TX-174,,Pershing,1960,Pershing [1],2269,,117,,39,1
1108,TX-175,Pershing,,1960,Pershing [2],1473,,85,,39,1
1109,TX-20,,XM-20?,,Sergeant,3200,,220,,23.8,1
1110,TX-238,,,,TX-238,3492,,,,,1
1111,TX-239,,,1959,Nike Zeus [3],368,,,,,1
1112,TX-261,,,,TX-261,1307,2761,244,,11.3,1
1113,TX-261-2,Pedro,Pedro,,Pedro,1307,2761,244,,11.3,1
1114,TX-261-3,Pedro,Pedro,,Pedro,1307,2761,244,,11.3,1
1115,TX-30,,,1960,Nike Hercules [2],1206,,44.5,,29,1
1116,TX-33,Castor,Castor,,Castor I,4000,7311,240,254.3,27.4,1
1117,TX-354-3,Castor,Castor 2A,,Scout [2],4427,10301,275.1,281.9,39,1
1118,TX-354-4,Castor,Castor 2,1965,Castor II,4320,9732,259,,37,1
1119,TX-454,,,1967,Spartan [2],6454,,,,,1
1120,TX-486-1,SAM-D,Malemute,1974,Patriot TX-486-1,619,1395,55.1,281.2,22,1
1121,TX-500,,,1968,Spartan[1],9000,,2000,,,1
1122,TX-52,,Lacrosse,1958,Doorknob,221,,,,,1
1123,TX-526,Castor 4,,1971,Athena H [1],10534,23760,428,,53.9,1
1124,TX-664-4,Terrier,Mk 70,,SM-2 [1],969,,,,6.2,1
1125,TX-77,,,,X-7A3 Booster,824,,227,,8.7,1
1126,TX-780,Castor,Castor IVA,1980,Atlas IIAS [-1],11600,26460,433.7,237.8,56.2,1
1127,TX-780XL,Castor,Castor IVAXL,1980,Atlas,14851,,599.8,269,60,1
1128,TX-859,Castor,Castor IVB,1991,Castor 4B,11476,26150,429,,60.9,1
1129,TX8-6,,,1958,Able I motor,15,25,3.6,233,7,1
1130,Talos Mk 11 Mod 2,Talos,Talos,,Talos [X-251C1],1500,2700,516,,5.3,1
1131,Taurus,M6,M31A1,1977,Taurus Orion [1],1343,1592,,,3.5,1
1132,Terrier Mk12 Mod 0,Terrier,,,Terrier,845,1157,257.5,195.4,4.4,1
1133,Terrier Mk12 Mod 1,Terrier,Adv Terr BT3,,Terrier  [X-256A1],817,1134,257.5,195.4,4.4,1
1134,Theodore,,,,Monica,10,18,1.8,,10,1
1135,Tianying 3C,,,2011,Tianying 3C,300,,,,,1
1136,Tianying 3F,,,2016,Tianying 3F,400,,,,,1
1137,Tiny Tim,,,1945,WAC,345,130,220,,.6,1
1138,Topaze,,,,Topaze,,,150,260,40,1
1139,Trident Motor,,,1967,RMP-B,670,,35,268,,2
1140,Trident St 3,,,1977,Trident [3],1900,,,,,1
1141,UA1205,T3SRM,,1965,Titan 3 SRM,226200,,5293.3,263,115,1
1142,UA1206,T3SRM,,1989,Titan 34D SRM,251400,,6227,265,114,1
1143,UA1207,T3SRM,,1989,Titan 4 SRM,319300,,7116.9,272,120,1
1144,UM-129A,,,,H-I [3],2200,,77.5,291,68,1
1145,UPS,,,1998,COMETS LAE,,,1.7,321.4,,1
1146,Unha St3,Nodong,,,,,,,,,1
1147,Upstage,,,,Upstage,140,,,,1,1
1148,Urbion,,,1984,INTA-100 [2],33,,1.5,,34,1
1149,V-750V,V-750,,,,,,30.4,,,1
1150,V-825,,,,V-825 St 2,,,131,,40,1
1151,Valois,LRBA,,1970,Diamant B [1],,39000,415,265,119,1
1152,Vega,Belier,,,Belier III,320,,20,,23.8,1
1153,Vela,,,1964,Aero High [2],118,133,26.7,,5,1
1154,Venus,Venus,,1961,Centaure [1],160,190,44,205,4.3,1
1155,Vero P2,,,1952,Veronique P2,500,,10,,,1
1156,Vero P6,,,1952,Veronique P6,500,,20,,,1
1157,Veronique,LRBA,,1952,Veronique,,,40,,,1
1158,Veronique 61,LRBA,,1964,Veronique 61,,,60,,,1
1159,Veronique AGI,LRBA,,1959,Veronique AGI,,1900,40,,49,1
1160,Veronique N,LRBA,,1952,Veronique N,,,40,,,1
1161,Vesta,LRBA,,1965,Vesta,,7900,140,,56.4,1
1162,Vexin,LRBA,,1964,Emeraude,,25500,274,,93,1
1163,Vexin A,,,,,,,68.6,277,,1
1164,Vexin B,,,,,,,75.4,251,,1
1165,Vexin C,,,,,,,99.1,251,,1
1166,Vikas,Viking,,1993,PSLV PS2,,109000,724,293,158,1
1167,Vikas GSLV,Viking,,1993,GSLV [1],,,700,281,200,1
1168,Viking IV,Viking,,1979,Ariane 1 St2,,,713,295.6,136,1
1169,Viking IVB,Viking,,,Ariane St2,,,785,293.5,126,1
1170,Viking V,Viking,,1979,Ariane 1 St1,,,693,280.6,142,1
1171,Viking VC,Viking,,,Ariane St1,,,758.5,278.4,205,1
1172,Viking VI,Viking,,,Ariane PAL,,,758.5,278,140,1
1173,Viper IIIA,Viper,,1972,Viper,30,59,24.7,,2.2,1
1174,Viper V,Viper,,1972,Viper,60,142,27,,5.3,1
1175,Volga,,,2103,Volga,,,2.9,307,,1
1176,Vulcain,,,1996,Ariane EPC H158,,,1114,430,589,1
1177,Vulcain 2,,,2002,Ariane EPC H175,,,1300,434,589,1
1178,WAC,WAC,,1945,WAC,313,300,6.7,,47,1
1179,Wasserfall,,,1944,Wasserfall,,,78,,40,1
1180,Waxwing,Waxwing,,1969,Waxwing,351,845,28.8,276,40,1
1181,X-202C3,,4DW105000,1950,X-7A1 Booster,800,1900,470,,4,1
1182,X-209,JATO,,,M8 JATO (1980s),71.8,,4.4,,14,1
1183,X-216A2,Nike,2.5-DS-59000,,Nike 1249,630,640,262,,2.5,1
1184,X-220,Deacon,,1953,Deacon,68,79,26,,3,1
1185,X-241,,,1958,Pilot [3],196,44,12.1,260.1,36,1
1186,X-248,Altair,Altair I,1959,Altair,296,561,14,,40,1
1187,X-248 [1],Altair,Altair I,1957,Altair  (Scout X-1 A,330,518,13.4,,38.6,1
1188,X-248A10,Altair,Altair I,1957,Altair (TB2 st3),296,516,13,,39,1
1189,X-248A3,Altair,Altair I,1958,Thor Able [3],232,518,14,250.5,39,1
1190,X-248A5,Altair,Altair I,1957,Altair/Scout X-1[4],240,516,12.5,255,38,1
1191,X-250,,DDT-70,1960,Polaris A2 [2],4200,,,,,1
1192,X-251,Talos,Talos,,Talos,1922,2700,516,,5.3,1
1193,X-254,Antares,Antares 1A,1960,Scout X-1[3],1230,2330,60.5,255,39,1
1194,X-254 (1),Antares,Antares 1A,1960,Antares  [Alway 2000,1300,2376,59.4,,40,1
1195,X-254 [1],Antares,Antares 1A,1960,Antares,1050,4200,62,255,39,1
1196,X-256,Terrier,,,Terrier  [X-256],820,1134,257.5,195.4,4.4,1
1197,X-258,Altair,Altair II,,Altair II,300,623,24.2,279.1,31,1
1198,X-258-B1,Altair,Altair II,,Scout B [4],260,620,27.5,278.1,24,1
1199,X-259,Antares,Antares 2,1962,Antares 2,1275,,96.5,,,1
1200,X-259-B3,Antares,Antares 2,,Scout B [3],1275,3225,93.1,281.4,35.9,1
1201,X-260,,,1960,Polaris A3 [2],4900,,,,,1
1202,X-265,,,,X-265,3000,,,,,1
1203,X-271,,,,X-271,1000,,,,,1
1204,X-405,X-405,,1957,Vanguard St1,,,120,,144,1
1205,X21AL-2600,Nike,,1947,Nike 46 Ajax [2],,,11.4,,21,1
1206,XASR-1,Aerobee,,1948,Aerobee,467,520,11.6,188.5,32.1,1
1207,XLR-11,XLR-11,,1959,X-15,,,36,,100,4
1208,XLR-43-NA-1,XLR-43,,,,,,333,,,1
1209,XLR-83-NA-1,XLR-83,,,,,,602,273,,1
1210,XLR-99,XLR-99,TD-214,1959,X-15,,,262.4,276,,1
1211,XLR-99,XLR-99,,1960,X-15,,,257,276,100,1
1212,XM-10,,Lacrosse,1958,Lacrosse,221,,,,,1
1213,XM-20,,XM-20,,"Draco, X-17",3200,6350,198,,32,1
1214,XM-30,,,1959,"X-17, Draco",1200,,54.3,,37,1
1215,XM-33-20-4,Castor,Castor,,Scout X-1 [2],4360,7268,276,224,27,1
1216,XM-33E2,Castor,TX-33-28,,Castor I,4000,7311,240,254.3,27.4,1
1217,XM-33E3,Castor,TX-33-20,,Castor,4000,7311,240,254.3,27.4,1
1218,XM-33E5,Castor,TX-33-33,,Castor,4000,7311,240,254.3,27.4,1
1219,XM-33E6,Castor,Shotput,,Castor,4000,7311,240,254.3,27.4,1
1220,XM-33E8,Castor,Castor,,Castor I (mod),3970,8272,236.7,254.3,35.3,1
1221,XM-42,Nike M-42,,1956,N Her booster (clust,2400,,,,,1
1222,XM-45,TX-77,Skat,1964,TB2 [2],922,,200,,6,1
1223,XM-51,Bomarc Booster,TX-131,1958,Bomarc B [0],2990,,222,,30,1
1224,XM5,Nike,2.5-DS-59000,1950,Nike (3-fin),630,,262,,2.5,1
1225,XR-5K18,,,2011,XCOR Lynx,,,12.9,,,1
1226,Xaero,,,,Xaero,,,13.2,,,1
1227,YF-1,,,,CZ-1 [1],,,255,240,130,1
1228,YF-100,,,,CZ-5,,,1200,305,155,1
1229,YF-115,,,,CZ-6 St 2,,,176.5,342,,1
1230,YF-20,YF,,1973,CZ-2C,,,696,289,128,4
1231,YF-20B,YF,,1973,CZ-3A St 1,,,740,289,166,4
1232,YF-21,YF,,1970,CZ-2 Stage 1 x4,,,740.4,260.7,122,1
1233,YF-22,YF,,1970,CZ-2 Stage 2,,,742,298,109,1
1234,YF-22B,YF,,1990,CZ-4 Stage 2,,,742,287.6,126.8,1
1235,YF-22B',YF,,1990,CZ-4B Stage 2,,,742,298,126.8,1
1236,YF-23,YF,,1990,FB-1 stage 2,,,716,286.9,117.4,1
1237,YF-23,,,1970,CZ-2 Stage 2 vernier,,,11.8,296,347,1
1238,YF-25,YF,,1973,CZ-3B,,,696,289,128,4
1239,YF-2A,YF-2,,,,,,306.1,268,,1
1240,YF-3,,,,CZ-1 [2],,,294,287,120,1
1241,YF-40,YF,,1990,CZ-4 Stage 3,,,98.1,303,303,1
1242,YF-40,,,,CZ-4B (3),,,49,295,,1
1243,YF-40A,,,,CZ-4C (3),,,49,295,,1
1244,YF-50D,YZ-1,,,CZ-3C/YZ-1,,,6.5,315.3,,1
1245,YF-73,YF-73,,1984,CZ-3 Stage 3,,,44.1,425,800,4
1246,YF-75,YF-75,,,CZ-3A Stage 3,,,78.5,440,470,1
1247,YF-75D,YF-75,,,CZ-5 Stage 2,,,88.3,442,700,1
1248,YF-77,,,,CZ-5,,,673,438,500,1
1249,YF-85,,,2015,CZ-6,,,4000,,,1
1250,Yardbird,Recruit,TE-289,1959,Yardbird,151,,75,,3.4,1
1251,ZN-1,,,1970,ZN-1,50,,,,,1
1252,Zefiro,Zefiro,,1999,Vega [2],17260,41830,590,271,71,1
1253,Zefiro 23,,,2012,Vega [2],26563,67776,935,289,71.7,1
1254,Zefiro 9A,,,2012,Vega [3],9730,,221,294,110,1
1255,Zefiro-40C,,,2017,Vega-C [2],39270,103600,1120,293.5,92.5,1
1256,Zenith,,,1967,Zenith,600,900,45,,21,1
1257,Zeus A,,,,Zeus A,2000,,,,,1
