STAGE_NAME,STAGE_FAMILY,STAGE_ALT_NAME,LENGTH,DIAMETER,LAUNCH_MASS,DRY_MASS,THRUST,DURATION,ENGINE_ID,ENGINE_COUNT
10KS2500,10KS2500,,2.9,.35,.1,,11,10,4,1
11A57I,Blok-I,Blok I,6.7,2.66,23.7,2350,298,240,723,1
11S510,Blok-I,,6.7,2.66,25.2,2410,298,240,723,1
11S510 (F),Blok-I,,7.6,2.66,25.2,2410,298,240,723,1
11S59,R-7,Blok BVGD,19.8,2.68,44.5,3915,992,120,754,1
11S59A,Blok-A,Blok A,28,2.95,105.4,6875,997.1,286,756,1
11S59A-S,Blok-A,Blok A,28,2.95,105.4,6875,1009.4,286,758,1
11S691,R-36,,18.8,3,127,8300,3032,120,781,3
11S692,R-36.St2,,10.1,3,53.3,4800,1010,160,783,1
11S771,Zenit,,32.9,3.9,352,33900,7908,140,768,1
11S772,Zenit.St2,,11.1,3.9,90,9300,912,300,766,1
11S824,Blok-D,Blok D,5.5,3.7,13.4,1800,85,600,16,1
11S824F,Blok-D,Blok D-2,5.5,3.7,17.3,2400,85,600,16,1
11S824M,Blok-D,Blok D-1,5.5,3.7,17.3,2400,85,600,16,1
11S86,Blok-D,Blok DM,6.3,3.7,17.5,2440,83.4,680,17,1
11S861,Blok-D,Blok DM-2,6.3,3.7,17.5,2440,83.4,680,17,1
11S861-01,Blok-D,Blok DM-2M,6.3,3.7,17.5,2440,83.4,680,17,1
11S861-03,Blok-D,Blok DM-3,6.3,3.7,17.5,2440,83.4,680,17,1
12KRB,GS3,C12,8.7,2.8,15,2500,73.5,720,434,1
14S53,R-7,Blok BVGD,19.8,2.68,44.5,3915,992,120,755,1
14S53A,Blok-A,Blok A,28,2.95,105.4,6875,1009.4,286,757,1
14S54,Blok-I,,6.7,2.66,26,2800,294,359,725,1
14S54/RD-0110,Blok-I,,6.7,2.66,25.2,2410,298,240,723,1
15A14A,R-36,R-36M St 1,22.3,3,210,15000,4522,130,788,4
15A14B,R-36.St2,R-36M St 2,6,3,49,3000,760,153,739,1
15A18-BR,BR,R-36M St 3,1,3,8.2,900,18.6,600,712,1
15A18A,R-36,R-36M St 1,22.3,3,210.8,15000,4525,98,790,3
15A18B,R-36.St2,R-36M St 2,5.7,3,49.3,3000,760,153,748,1
15Zh44 St 1,R-39,,9.7,2.4,53.7,,2060,,30,1
15Zh44 St 2,RT-23.St2,,4.8,2.4,25,,1050,,31,1
15Zh52 St 1,R-39,,9.7,2.4,53.7,,2060,,30,1
15Zh52 St 2,RT-23.St2,,4.8,2.4,25,,1050,,31,1
15Zh58A,Topol,Topol'-1,8.5,1.8,26,3000,980,60,44,1
15Zh58B,Topol.St2,Topol'-2,6,1.55,13,1500,490,64,45,1
15Zh58MA,Topol,Topol'-M1,8.5,1.8,26,3000,980,60,44,1
15Zh58MB,Topol.St2,Topol'-M2,6,1.55,13,1500,490,64,45,1
15Zh58MV,Topol.St3,Topol'-M3,3.1,1.34,6,1000,245,56,46,1
15Zh58V,Topol.St3,Topol'-3,3.1,1.34,6,1000,245,56,46,1
15Zh59A,Kuryer,,3.1,1.36,6,,,,47,1
15Zh59B,Kuryer,,3.1,1.36,5,,,,48,1
15Zh59V,Kuryer.St3,,2.1,1.13,3,,,,49,1
15Zh60 St 1,R-39,,9.7,2.4,53.7,,2060,,39,1
15Zh60 St 2,RT-23.St2,,4.8,2.4,25,,1050,,40,1
15Zh61 St 1,R-39,,9.7,2.4,53.7,,2060,,30,1
15Zh61 St 2,RT-23.St2,,4.8,2.4,25,,1050,,38,1
17S40,Blok-D,,6.3,3.7,17.5,2440,83.4,680,18,1
2.5-DS-59000,Nike,,3,.42,.7,,265,2.5,56,1
22.6KS1245,Sparrow,,1.3,.2,.06,5,5.5,22.6,59,1
27D6,Kontakt,,6,.74,3,,,,63,1
28D6,Kontakt,,2,.74,1,,,,64,1
29D6,Kontakt,,1,.74,.5,,,,65,1
374BL01A,R-7,Blok BVGD,19.8,2.68,44.5,3915,992,120,755,1
374BL01A-A,Blok-A,Blok A,28,2.95,105.4,6875,1009.4,286,757,1
374BL01B,R-7,Blok BVGD,19.8,2.68,44.5,3915,992,120,755,1
374BL01B-A,Blok-A,Blok A,28,2.95,105.4,6875,1009.4,286,757,1
374BL02A,Blok-I,,6.7,2.66,25.2,2410,298,240,723,1
374BL02B,Blok-I,,6.7,2.66,26,2800,294,359,725,1
48N6,48N6,,7.5,.5,1.8,,,,77,1
53T6,PRS-1,,10,1,12,,103,4,86,1
5Ya26,PRS-1,,10,1,12,,103,4,91,1
8A92E,Blok-E,,3.6,2.58,8,1440,54.5,430,844,1
8A92ME,Blok-E,,3.6,2.58,8,1440,54.5,430,844,1
8K71,R-7,,19,2.7,10.8,850,250,120,97,1
8K71A,Blok-A,,28,2.95,93.5,7495,941,330,99,1
8K72E,Blok-E,,3.6,2.58,8,1440,49.4,450,843,1
8K72EL,Blok-E,,2.5,2.58,8.1,1110,49.4,450,843,1
8K72KE,Blok-E,,3.6,2.58,8,1440,54.5,430,844,1
8K74,R-7,,19,2.7,10.8,850,250,120,96,1
8K74A,Blok-A,,28,2.95,100,7000,950,330,98,1
8K75A,R-9,,14.6,2.7,61.6,4000,1600,108,759,1
8K75B,8K75B,,7,2.7,15.9,2500,300,140,721,1
8K78I,Blok-I,,9.4,2.66,25.5,2350,298,240,722,1
8K94,RT-20P.St2,,8.4,1.8,9.8,900,147,215,799,1
8K95A,RT-2,,4.8,1.95,19,,900,30,859,1
8K95B,RT-15,,4,1.49,10,1500,500,30,717,1
8K95V,RT-1.St3,,2.8,1.4,3,,240,42,716,1
8K96A,RT-15,,4.7,1.49,11.3,1500,432,60.6,37,1
8K96A (RT-2P),RT-15,,5.1,1.49,11.3,1500,432,60.6,35,1
8K96B,RT-2.St3,,4.6,.98,4.6,1000,176,49,42,1
8K96B (RT-15),RT-2.St3,RT-15 St2,4.6,1,4.6,1000,216,45,41,1
8K96B (RT-2P),RT-2.St3,RT-2P St3,5.5,1,4.6,1000,176,45,42,1
8K98A,RT-2,,8.7,1.84,34.6,4000,893,75.4,32,1
8K98B,RT-15,,4.7,1.49,9.6,1500,432,59,34,1
8K98PA,RT-2,,9.2,1.84,34.6,4000,981,75.4,33,1
8K98V,RT-2.St3,,3.8,.98,3.5,1000,215,45,36,1
8K99A,RT-20P,,6.1,1.8,19,2450,600,65,27,1
8S641,R-16,R-16A,16,3,110,10000,2610,90,777,3
8S642,R-16.St2,R-16B,13,2.4,27,3000,882,125,778,1
8S671,R-36,R-36 St1,18.8,3,122,6400,2648,120,781,3
8S672,R-36.St2,R-36 St2,9.4,3,49,3700,902,160,783,1
8S691,R-36,R-36O St1,18.8,3,122,6400,2648,120,781,3
8S692,R-36.St2,R-36O St2,9.4,3,49,3700,902,160,783,1
8S810,Proton,Proton 8S810,21.2,7.4,450,31000,9500,120,784,6
8S810M,Proton,Proton 8S810,21.2,7.4,450,30600,10500,120,785,6
8S811,UR-200,Proton St2,17.1,4.1,167.8,11700,2330,210,732,4
8S812,Proton.St3,Proton St3,6.9,4.1,50.6,4185,583,230,731,1
8S812M,Proton.St3,Proton St3,4.1,4.1,50.3,3700,583,230,731,1
8S816,UR-100,,17.2,2,88,5000,2070,121,735,4
8S817,UR-100.St2,,3.9,2,15,2000,240,183,25,1
A-1,V-2,GR,17,1.65,20,4000,363,85,751,1
A-350,A-350,,10,2.57,15,1000,,40,109,1
A-350 Booster,A-350,,8,2.57,15,1000,,5,108,1
A-350Zh,A-350,,15,2.57,15,1000,,40,87,1
A-350Zh Booster,A-350,,7.9,2.57,15,1000,,5,90,1
A-925,A-350,,7,2.57,15,1000,,40,85,1
A-925 Booster,A-350,,8,2.57,15,1000,,5,84,1
A1P,Polaris,Polaris A1P St1,3.8,1.37,8.3,1450,,,111,1
A1P Stage 2,Polaris.St2,Polaris A1P St2,2,1.37,4.3,951,,,112,1
A2E,Polaris,Polaris A2E St1,4.3,1.37,10.1,1450,,,113,1
A2E Stage 2,Polaris.St2,Polaris A2E St2,2.1,1.37,4.2,860,,,1191,1
A2P,Polaris,Polaris A2P St1,4.3,1.37,10.1,1450,,,113,1
A2P Stage 2,Polaris.St2,Polaris A2P St2,2.1,1.37,4.2,860,,,1191,1
A3P,Polaris,Polaris A3P St1,4.4,1.37,11.1,1270,,,114,1
AAD,AAD,,6,.42,1,,,,,1
AJ10,Able,Able,5,.81,1.9,429,33,122,117,1
AJ10-101A,Able,Able I,5.8,.81,1.9,385,34.7,110,119,1
AJ10-104,Ablestar,Ablestar,4.5,1.39,4.5,599,36,,120,1
AJ10-104D,Ablestar,Ablestar,4.5,1.39,4.5,599,36,,120,1
AJ10-118,Able,Delta,6,.81,2.2,694,33.7,115,121,1
AJ10-118A,Able,Delta,6,.81,2.7,600,33.7,170,122,1
AJ10-118D,Able,Delta,5.8,.81,2.7,545,33.7,170,123,1
AJ10-118FJ,Delta2,Delta AJ10-118FJ,6.3,1.75,6,780,44.1,430,126,1
AJ10-11B,Able,AJ10,5.7,.81,1.9,429,34.7,122,121,1
AJ10-40,Able,Able,5.8,.81,1.9,429,34.5,110,135,1
AJ10-41,Able,Able,5.8,.81,1.9,429,34.5,110,136,1
AJ10-42,Able,Able II,5.8,.81,1.9,429,34.5,110,137,1
AJ60-91,AJ60,Aerobee 350 St2,9.1,.56,3,1050,72,52.7,139,4
AJ60-92,Aerobee,Aerobee 200 St2,5.5,.38,.7,131,22.6,61.1,142,1
AMROC IRR,AMROC,IRR,17.7,1.29,12.2,,315,70,336,1
AS-0,ASLV,,10.7,1,11.6,2963,502,49,148,1
AS-1,ASLV,ASLV,10.2,1,11.8,2900,702,45,145,1
AS-2,ASLV.St2,St 2,6.4,.8,4.4,800,304,36,146,1
AS-3,ASLV.St3,St 3,2.4,.8,1.7,650,90.7,45,147,1
AS-4,ASLV.St4,St 4,1.4,.66,.5,195,35,33,144,1
ASAS,SM3.TSRM,SM-3 TSRM,.9,.33,.1,,7,15,602,1
ASAS XL,SM3.TSRM,,.9,.53,.1,,7,15,602,1
ASAT,SRAM,,4.3,.46,1,,,,465,1
ASR SRB-A,H2.SRB,,11.7,2.6,76.5,8700,2271,116,333,1
ASROC,HOTROC,,4.5,.34,.4,40,49,,599,1
ATACMS,ATACMS,,4,.61,1.2,,180,,149,1
ATSM-9,Jericho,,5.3,1.35,9.1,1000,610,55,151,1
AUS-51,AUS-51,,2.6,1.35,2,170,58,92,152,1
AVUM,AVUM,,1.7,1.93,1,494,2.5,667,793,1
AVUM-RD868P,AVUM,,1.7,1.93,1,494,2.5,667,809,1
Ababeel St 3,DF-21,,3.3,1.4,4,,,,153,1
Abid St1,Abid,,8,2.64,25,3000,1500,90,154,5
Abid St2,R-11,,8,.88,6,1600,,,917,1
Abid St3,Abid.St3,,1,.5,,,,,155,1
Aeolus Booster,LongTom,,1.8,.41,.3,,80,2.7,450,7
AeroHTV,AeroHTV,,1.7,.23,.1,,,,492,7
AeroHTV Stage 2,AeroHTV2,,1.7,.15,.1,,,,492,4
Aerobee 100,Aerobee,Aerobee Jr,3.6,.38,.5,119,11.5,40,157,1
Aerobee 150,Aerobee,Aerobee,5.1,.38,.7,133,17.8,51.4,139,1
Aerobee 150A,Aerobee,Aerobee,5.1,.38,.6,133,17.8,51.4,139,1
Aerobee 75,Orion,,4,.35,.5,142,13,32,522,1
Aerobee AJ10-24,Aerobee,,5.8,.38,.5,184,17.8,32.1,131,1
Aerobee AJ10-25,Aerobee,,5.8,.38,.5,184,17.8,32.1,132,1
Aerobee AJ10-27,Aerobee,,5.8,.38,.5,184,17.8,32.1,133,1
Aerobee AJ10-34,Aerobee,,5.8,.38,.5,184,17.8,32.1,134,1
Aerobee Booster,AerobeeB,,1.8,.33,.3,140,80,2.5,141,1
Aerobee XASR-1,Aerobee,,5.8,.38,.7,184,11.6,32.1,1206,1
Aerojet Jr,Sergeant,,5.7,.79,4,,254,28,158,1
Agate,Agate,VE110   Agate,4.5,.8,2,100,190,18,623,1
Agena A,Agena,,3,1.52,3.8,400,69,120,213,1
Agena B,Agena,,6.2,1.52,7,750,71,480,215,1
Agena D,Agena,,6.2,1.52,7,750,71,480,215,1
Agni,ASLV,,11,1,11.5,2900,700,50,162,1
Agni 4 Stage 2,AgniII.St2,,6,1,4.2,,,60,165,1
Agni II Stage 2,AgniII.St2,,6,1,4.2,,,60,165,1
Agni III,Agni3,,7.7,2,33,2970,1040,75,163,1
Agni III Stage 2,Agni3,,3.1,2,14,1820,314,110,164,1
Agni V,Agni3,,7.7,2,33,2970,1040,75,163,1
Agni V Stage 2,Agni3,,3.1,2,14,1820,314,110,164,1
Agni V Stage 3,Agni3,,3,2,10,500,,,166,1
Aigle,Stromboli,,3,.56,.9,246,75,16,946,1
Ajax,Ajax,,4.5,.3,.5,372,11.6,30,167,1
Ajax Cluster,Ajax,,6,.76,1.2,,50,71,167,4
Ajax Cluster 1810,Ajax,,6,.76,1.2,,50,71,168,4
Al Abbas,R-11,,10.9,.88,7.6,1600,,,917,1
Al Fatah,Fatah,,4.6,.5,1,454,130,15,170,1
Al Hussein,R-11,,9.5,.88,5.9,1600,,,917,1
Al Samoud,V-750,,6,.5,2,360,13.8,52,907,1
Al Samoud 2,Samoud,,5,.76,2,505,13.8,52,907,1
AlKahir,AlKahir,,10,1.22,10,,,,171,1
Alcor,Alcor,,1.9,.52,.5,200,36,30,72,1
Alcor IA,Alcor,,1.9,.52,.5,200,49,23,60,1
Alcor IB,Alcor,,1.9,.52,.5,88,42,26,172,1
Alcyone,BE3,,.6,.6,.1,39,34,8,202,1
Alfa,Alfa,,3.8,1.37,6.5,1000,250,57,173,1
Algol 1,Scout,,9.4,1.02,10.7,1380,413,44,175,1
Algol 1A,Scout,,9.4,1.02,10.7,1200,420,44,176,1
Algol 1B,Scout,,9.4,1.02,10.7,1200,420,44,177,1
Algol 1C,Scout,,9.4,1.02,10.7,1200,440,44,178,1
Algol 1D,Scout,,9.4,1.02,10.7,1200,440,44,179,1
Algol 2A,Scout,,9.1,1.02,10.7,1200,380,60,180,1
Algol 2B,Scout,,9.1,1.02,10.7,1170,400,80,181,1
Algol 2C,Scout,,9.1,1.02,10.8,1200,436,76,182,1
Algol 3A,ScoutD,,9.4,1.14,14.3,1600,471,56,174,1
Altair,Altair,,1.8,.46,.3,24,13,39,1188,1
Altair 2,Altair,,1.5,.46,.3,33,27.2,28,1197,1
Amethyste,Emeraude,,14,1.4,20.3,2500,415,119,1151,1
Angara URM,Angara,,25.7,2.9,142.4,9800,2086,337.5,772,1
Angara URM-1,Angara,,27.7,2.9,142.4,9800,2086,337.5,772,1
Angara URM-2,URM-2,,5.5,3.6,39.8,4000,294.3,359,726,1
Antares,Antares,,3.3,.76,1.2,240,60,38,1193,1
Antares 2,Antares,Antares II X-259,2.9,.76,1.3,107,93,36,1199,1
Antares 2 Stage 1,Zenit,,27.6,3.9,260.7,18715,3844,235,771,2
Antares 2B,Antares,,2.9,.76,1.3,,93,36,1199,1
Antares 3,Antares,,2.9,.76,1.4,95,82.3,45,1034,1
Antares Stage 1,Zenit,,27.6,3.9,260.7,18715,3260,235,140,2
Apache,Deacon,,2.6,.166,.1,39,21,6,1077,1
Apollo LES,Apollo.LES,LES,10.2,.66,2.5,,690,3,464,1
Arcas,Arcas,,1.8,.11,0,15,1.5,29,546,1
Arcon,Arcon,,2.5,.15,.1,30,4.5,33,183,1
Arcon booster,ArcasB,,.7,.1,0,8,14,.4,184,1
Ares I-X,SRB,,50.9,3.77,590,110000,11790,123,977,1
Ariane 5 EPC H158,Ariane5,,30.5,5.46,170,12700,1114,589,1176,1
Ariane 5 EPC H175,Ariane5,,30.5,5.46,189,14200,1320,540,1177,1
Ariane 5 EPS,EPS,,4.9,5.46,12.5,2700,29,1100,160,1
Ariane 5 EPS P2000,EPS,EPS L10,5.2,5.46,13,2850,29,1100,160,1
Ariane EAP P238,Vega,,31.6,3.01,277.6,39800,6719,129,294,1
Ariane EAP P240,Vega,,31.6,3.01,280,40000,6719,130,295,1
Ariane H10,Ariane.St3,H10,11.8,2.6,12.5,1740,62.7,720,343,1
Ariane H10+,Ariane.St3,H10+,11.8,2.6,12.8,1740,62.7,750,343,1
Ariane H10-3,Ariane.St3,H10-3,12.1,2.6,13.5,1780,62.7,780,343,1
Ariane H8,Ariane.St3,H8,10.2,2.6,9.7,1450,61.6,563,342,1
Ariane L144,Ariane,,18.4,3.8,160,13750,2462,146,1170,4
Ariane L220,Ariane,,25.4,3.8,246,17900,3034,205,1171,4
Ariane L33,Ariane.St2,L33,11.6,2.6,38.9,3500,785,126,1169,1
Arrow 3,Arrow3,,6.5,.7,1,,,,365,1
Arrow 3 Stage 2,Arrow3,,3.5,.7,.5,,,,365,1
Arrow II,Loki,,1.5,.08,.01,2,10,2,185,1
Asp,Asp,,2.7,.165,.1,18,26,5.3,839,1
Asp II,Asp,,2.7,.165,.1,18,26,3.6,186,1
Asp III,Asp,,2.7,.165,.1,18,26,3.3,187,1
Asp IV,Asp,Asp,2.8,.165,.094,27,12.7,12,840,1
Astra Stage 1,Astra,,8,1,4,,,,188,4
Astra Stage 2,Astra,,2,1,2,,,,188,1
Astrid,Astrid,,1.9,.17,.02,8,.4,30,569,4
Astris,Astris,,3.8,2.03,3.6,800,22.5,361,189,1
Astrobee D,AstrobeeD,,2.8,.15,.1,20,8.9,17,190,1
Astrobee F,AstrobeeF,,7.3,.38,1.3,250,36.4,51.1,191,1
Atea-1,Atea,,3,.15,.06,,6.9,14.5,192,1
Atlas A,Atlas,,21.8,3.05,82,7000,0,125,,1
Atlas A Booster,Atlas.Booster,,4.5,3.05,3.5,3500,1335,128,532,1
Atlas B,Atlas,,21.9,3.05,108,3850,267,253.6,533,1
Atlas B Booster,Atlas.Booster,,4.5,3.05,3.5,3500,1335,128,531,1
Atlas Booster,Atlas.Booster,,4.5,3.05,3.2,3200,2065,165,540,1
Atlas C,Atlas,,21.9,3.05,108,3850,267,253.6,533,1
Atlas C Booster,Atlas.Booster,,4.5,3.05,3.5,3500,1335,128,531,1
Atlas CCB,Atlas5,,32.5,3.8,304,20890,3800,240,770,1
Atlas D,Atlas,,22,3.05,115,3400,253,281,535,1
Atlas D Booster,Atlas.Booster,,4.5,3.05,3.4,3400,1375,135,534,1
Atlas E,Atlas,,20,3.05,116,3500,253,288,535,1
Atlas E/F Booster,Atlas.Booster,,4.5,3.05,3.2,3200,1468,131,536,1
Atlas F,Atlas,,20,3.05,116,3500,253,312,535,1
Atlas G,Atlas,,22.2,3.05,142.5,4240,386.5,266,539,1
Atlas G Booster,Atlas.Booster,,4.5,3.05,3.2,3200,1682,140,538,1
Atlas H,Atlas,,21.2,3.05,142.5,4240,380.6,266,539,1
Atlas I,Atlas,,22.2,3.05,142.5,4240,380.6,266,539,1
Atlas II,Atlas,,24.9,3.05,163.5,10350,380.6,274,539,1
Atlas II Booster,Atlas.Booster,,4.5,3.05,3.2,3200,1909,140,540,1
Atlas III,Atlas,,29,3.05,195,13725,4152,190,770,1
Atlas MA-5 Booster,Atlas.Booster,,4.5,3.05,3.2,3200,1870,140,538,1
Atlas SLV-3,Atlas,SLV-3,21,3.05,118,3000,250,312,539,1
Atlas SLV-3A,Atlas,,24,3.05,142,3700,386,175,539,1
Atlas SLV-3C,Atlas,,21.9,3.05,128.5,4000,267,260,539,1
Atlas SLV-3D,Atlas,,21.2,3.05,128.5,4000,386.5,260,539,1
Atlas V SRM,AtlasVSRM,,19.5,1.55,46.2,3600,1361,91,116,1
Aurore,Aurore,,2.1,.13,.05,20,10.5,5.3,193,1
B-47 Stratojet,Air,,0,0,0,0,0,0,,0
B-52H,Air,,0,0,0,0,0,0,,0
B-57A Canberra,Air,,0,0,0,0,0,0,,0
B-58 Hustler,Air,,0,0,0,0,0,0,,0
B-611,DF-11,,9.4,.88,2,1645,93.2,,266,1
BE-3,BE3,,.6,.6,.1,28,34,9,197,1
BE-3A4,BE3,,.6,.6,.1,28,34,9,199,1
BE-3A5,BE3,,.6,.6,.1,28,34,9,200,1
BE-3A9,BE3,,.6,.6,.1,28,34,9,201,1
BER,Stromboli,,4.7,.56,1.9,700,170,20,947,1
BLDT,BLDT,,0,0,0,0,0,0,855,4
BOZ,BOZ,,0,0,0,0,0,0,,0
BT-310,S-310,S310,6,.31,.6,230,80,31.6,887,1
Baby Sergeant,BabySergeant,,1.2,.15,.025,4,8.6,7.6,842,1
Badr-1,Grad,,5,.6,1,,,,207,1
Balloon,Air,,0,0,0,0,0,0,,0
Belier,Belier,,2.9,.31,.3,100,20,23.4,384,1
Belier II,Belier,,2.9,.31,.3,80,20,23.4,211,1
Belier III,Belier,,2.9,.31,.3,100,20,23.4,1152,1
Belisama,Belisama,,1.6,.1,.03,14,24,.9,212,1
Berenice St2,Stromboli,,3.8,.56,1.1,372,170,20,949,1
Black Arrow,BlackArrow,,5.8,2,14.1,1070,251,125,321,1
Black Arrow St2,BlackArrow.St2,St 2,3.2,1.37,3.5,535,69,113,318,1
Black Brant I,BB5,Black Brant 1,5.3,.44,1.1,,110,15,43,1
Black Brant IIB,BB5,Black Brant 2B,5.2,.44,1,150,89,23,61,1
Black Brant IIIA,BB3,BB3,3.7,.26,.3,50,49,9,100,1
Black Brant IIIB,BB3,BB3B,3.9,.26,.3,50,45,12,21,1
Black Brant Mk1,BB5,Black Brant 5C,5.3,.44,1.2,240,68.2,33,194,1
Black Brant Mk3,BB5,Black Brant 5C,5.3,.44,1.2,240,68.2,33,195,1
Black Brant Mk4,BB5,Black Brant 5C,5.3,.44,1.2,240,68.2,33,195,1
Black Brant VA,BB5,Black Brant 2A,5.2,.44,1,150,111,15,43,1
Black Brant VB,BB5,Black Brant 5B,5.3,.44,1.2,151,89,32.4,62,1
Black Brant VC,BB5,Black Brant 5C,5.3,.44,1.2,240,68.2,33,62,1
Black Brant VI,BB6,Black Brant 6,2,.12,.1,20,7.4,9,101,1
Black Brant VII,BB7,,1.7,.09,0,10,1,4,196,1
Black Knight,BlackKnight,,9,.91,5.4,540,75,140,319,1
Black Knight 301,BlackKnight,,9,.91,5.4,540,75,140,320,1
Black Sparrow,BlackSparrow,,4.8,.53,1.2,,,,218,1
Blok DM-SL,Blok-D,,5.6,3.7,17.3,2720,85,650,17,1
Blok DM-SLB,Blok-D,,5.6,3.7,17.3,2720,85,650,17,1
Blok DM1,Blok-D,,6.3,3.7,17.5,2440,83.4,680,17,1
Blok DM3,Blok-D,,6.3,3.7,17.5,2440,83.4,680,17,1
Blok DM4,Blok-D,,6.3,3.7,17.5,2440,83.4,680,17,1
Blok SO-L,Blok-L,,3.2,2.4,6.2,999,66.7,250,900,1
Blok-2BL,Blok-L,,3.2,2.4,5.8,902,66.7,250,900,1
Blok-L,Blok-L,,3.2,2.4,7.3,1160,66.7,250,900,1
Blok-ML,Blok-L,,3.2,2.4,6.2,999,66.7,250,900,1
Blok-NVL,Blok-L,,3.2,2.4,5.8,902,66.7,250,900,1
Blok-VL,Blok-L,,3.2,2.4,5.8,902,66.7,250,900,1
Blue Sparrow,BlackSparrow,,4.8,.53,1.2,,,,218,1
Blue Streak,BlueStreak,,17.7,3.05,95,6800,1512,161,865,2
Bomarc A,Bomarc,,0,0,0,0,0,0,471,0
Bomarc B,Bomarc,,0,0,0,0,0,0,1223,0
Briz-K,Briz,14S12,2.5,2,6.7,1700,19.6,1000,929,1
Briz-KM,Briz,,2.5,2.5,6.7,1700,19.6,1000,929,1
Briz-M,Briz,,2.8,4.1,22.1,2370,19.6,3000,929,1
Bull Goose,BullGoose,,0,0,0,0,0,0,,0
Bullpup,Bullpup,,3,.3,.3,,111,,159,1
Burya,Burya,La-350,18,2.2,40.8,13000,,0,,1
Burya booster,Burya,,18.9,1.5,27,4000,765,,904,1
C-130,Air,,0,0,0,0,0,0,,0
C-17,Air,,0,0,0,0,0,0,,0
C-3 Stage 1,Poseidon,,4.8,1.88,10,,,,221,1
C-3 Stage 2,Poseidon.St2,,2.5,1.88,7,,,,222,1
CB-250,CB-250,,1,.25,.3,,,,825,7
CPKM,SD,,2.9,1.4,4.6,496,222.8,65.2,226,1
CSXT,CSXT,,6.4,.25,.3,96,71,13.4,894,1
CUS12,GS3,,8.7,2.8,14.6,2200,73.6,720,366,1
CUS15,GS3,,8.7,2.8,14.6,2200,73.6,720,366,1
CZ Booster,CZ.LB,LB40-YF25,15.3,2.25,37.7,3200,740.4,128,1238,1
CZ-11-1,DF-31,,8,2,40,5000,,,228,1
CZ-11-2,DF-31,,6,2,15,,,,229,1
CZ-11-3,CZ11-3,,2,1.8,4,,,,230,1
CZ-11-4,CZ11-4,,1.5,1.5,2,,,,231,1
CZ-2 Stage 1,DF5,L140-YF21,20.5,3.35,153,10000,2961,122,1232,4
CZ-2 Stage 2,CZ.St2,LF35-YF24,7.5,3.35,39,4000,742,109,1233,1
CZ-2C Stage 1,DF5,L140-YF21,20.5,3.35,153,10000,2961,122,1232,4
CZ-2C Stage 2,CZ.St2,LF35-YF24,7.5,3.35,39,4000,742,109,1233,1
CZ-2Cj Stage 2,CZ.St2,LF35-YF24,7.5,3.35,39,4000,742,109,1233,1
CZ-2E Stage 1,DF5,L180-YF21B,23.7,3.35,196.5,9500,2961,166,1232,4
CZ-2E Stage 2,CZ.St2,L90-YF24B,15.5,3.35,91.5,5500,742,295,1233,1
CZ-3 Stage 1,DF5,L140-YF21,20.2,3.35,151,9000,2785,132,1232,4
CZ-3 Stage 2,CZ.St2,LF35-YF24,9.7,3.35,39,4000,720,180,1233,1
CZ-3 Stage 3,CZ3.St3,H8-YF73,7.5,2.25,10.5,2000,44.1,800,1245,1
CZ-3A Stage 1,DF5,L180-YF21B,23.3,3.35,180,9500,2961,145,1232,4
CZ-3A Stage 2,CZ.St2,L35-YF24B,9.9,3.35,33.6,4000,742,180,1233,1
CZ-3A Stage 3,CZ3.St3,H18-YF75,12.4,3,21,2800,157,470,1246,2
CZ-3B Stage 2,CZ.St2,L35-YF24B,9.9,3.35,44,4000,742,180,1233,1
CZ-3BE Booster,CZ.LB,LB41-YF25,16.1,2.25,41,3200,740.4,128,1238,1
CZ-3BE Stage 1,DF5,L180-YF21B,24.8,3.35,186.2,9500,2961,145,1232,4
CZ-4 Stage 1,DF5,L180-YF21B,24.7,3.35,192.7,9500,2961,170,1232,4
CZ-4 Stage 2,CZ.St2,L35-YF24B,10.4,3.35,39.6,4000,742,127,1234,1
CZ-4 Stage 2j,CZ.St2,L35-YF24B,10.4,3.35,39.6,4000,742,127,1234,1
CZ-4 Stage 3,L14,L14-YF40,1.9,2.9,15.2,1000,98.1,303,1241,1
CZ-4B Stage 2,CZ.St2,L35-YF24B,10.4,3.35,39.6,4000,742,127,1235,1
CZ-4B Stage 3,L14,L14-YF40,1.9,2.9,15.2,1000,98.1,303,1241,1
CZ-4C Stage 3,L14,L14-YF40,1.9,2.9,15.2,1000,98.1,303,1243,1
CZ-5 Booster,DF5,K3-1,27.6,3.35,155.7,12000,2400,180,1228,2
CZ-5 Stage 1,CZ5,CZ-H5-1,31.7,5,175.6,17300,1400,480,1248,2
CZ-5 Stage 2,CZ5,CZ-H5-2,10.6,5,22.2,5100,176.5,700,1247,2
CZ-7 Stage 1,DF5,K3-1,26,3.35,186,12000,2400,215,1228,2
CZ-7 Stage 2,CZ.St2,K3-2,11.5,3.35,71,6000,720,,1229,4
CZ-K2-1,CZ.LB,,26.5,2.25,81.5,6000,1200,185,1228,1
CZ-K2-2,CZ1.St2,,8,2.25,15,3000,,,1229,1
CZ-K2-3,CZ1.St2,,4,2.25,,1000,,,1249,4
CZ6-C,DF5,,15,3.35,84,4100,1224,,1228,1
Cajun,Deacon,,2.6,.166,.1,22,36,3,232,1
Canopus,Rigel,,2,.28,.2,,,18,233,1
Castor,Sergeant,,6,.79,4.2,783,235,38,1116,1
Castor 1,Sergeant,,6,.79,4.2,783,235,38,1116,1
Castor 120,MX,,10.7,2.3,53.1,4450,1604,83.4,234,1
Castor 2,Sergeant,,6,.79,4,565,259,37,1118,1
Castor 2A,Sergeant,,6,.79,4,565,259,37,1117,1
Castor 30,MX,,3.5,2.35,14,1220,260,136,235,1
Castor 30B,MX,,4.2,2.35,14,1083,293.4,128,236,1
Castor 30XL,MX,,6,2.35,26.3,1220,260,166,237,1
Castor 4,Castor4,,9.7,1.02,10.5,1200,428,53.9,1123,1
Castor 4A,Castor4,,13.6,1.02,11.6,1400,433.7,56.2,1126,1
Castor 4AXL,Castor4,,15,1.02,15.4,2500,745,60,1127,1
Castor 4B,Castor4,,8.8,1.02,11.5,1420,429,60.9,1128,1
Cedre St1,Cedre,,2.3,.52,1,,138,,238,1
Cedre St2,Cedre.St2,,2.1,.21,.4,,78,,239,1
Cedre St3,Cedre.St3,,2.1,.08,.2,,20,,240,1
Cedre-4 St1,Cedre,,3,.21,1,,138,,241,1
Centaur,Centaur,Centaur,9.1,3.05,15.6,2000,134,430,827,2
Centaur D,Centaur,Centaur,9.1,3.05,15.6,2000,134,430,827,2
Centaur D-1A,Centaur,Centaur D1AR,9.6,3.05,16.3,2630,134,430,828,2
Centaur D-1T,Centaur,,9.6,3.05,16.3,2630,134,470,828,2
Centaur I,Centaur,Centaur,9.2,3.05,15,1700,147,402,830,2
Centaur II,Centaur,Centaur,10.1,3.05,18.8,2053,147,488,830,2
Centaur IIA,Centaur,Centaur,10.1,3.05,19,2200,198.4,370,832,2
Centaur IIIA,Centaur,Centaur,10.1,3.05,18.6,1720,99.2,740,834,1
Centaur IIIB/C-1,Centaur,Centaur,11.7,3.05,22.9,2130,101.8,740,836,1
Centaur IIIB/DEC,Centaur,Centaur,11.7,3.05,22.9,2130,198.4,740,833,2
Centaur IIIB/SEC,Centaur,Centaur,11.7,3.05,22.9,2130,99.2,740,834,1
Centaur T,Centaur,Centaur,9,4.3,23.8,2775,146,600,829,2
Centenario,Rigel,,2.4,.28,.2,,39,11.2,242,1
Cetus,Cetus,,.5,.38,.1,10,40,20,642,1
Chick,Chick,,.6,.1,.05,6,20,.2,244,1
Chick x3,Chick,,.6,.1,0,6,60,.2,244,1
Chick x4,Chick,,.6,.1,0,6,80,.2,244,1
Cirrus I,Cirrus,,2,.2,.1,,5,,245,1
Cirrus II,Cirrus,,2,.2,.1,,18,,246,1
Cluster Stage 2,Cluster,11xBaby Sergeant,1.2,.89,.5,223,80,6,860,11
Cluster Stage 3,BabySergeant,3xBaby Sergeant,1.2,.3,.1,63,22,6,860,3
Coralie,Coralie,,6.5,2.01,12,2400,268,105,247,4
Corporal E,Corporal,Corporal,13.7,.76,4.5,,89,63,249,1
Corporal Type 1,Corporal,Corporal,13.7,.76,5.2,,89,63,248,1
Cuckoo 4,Raven,,1.2,.44,.2,,,4.3,250,1
Cuckoo IA,Raven,,1,.44,.2,,80,4,251,1
Cuckoo IB,Raven,,1.2,.44,.2,57,80.9,4.1,252,1
Cuckoo II,Raven,,1.2,.44,.2,37,36.5,10,253,1
Cygnus 10,10SM,,.4,.25,0,1,10,3.2,255,1
Cygnus 15,Cygnus,,.4,.38,.1,5,22,4.8,256,1
Cygnus 20,20SM,,.7,.51,.1,10,30,8.5,257,1
Cygnus 25,25SM,,1.1,.64,.2,19,33.3,16.5,258,1
Cygnus 40,40SM,,1.1,1.01,1,74,83,26,259,1
Cygnus 5,5inSM,"5""SM",.2,.13,0,1,2.3,1.6,260,1
DAC Roc,DACRoc,,3,.25,.3,,50,10,264,1
DC-X,DC-X,,12.6,4.95,18.8,10000,242,263,826,4
DC-XA,DC-X,Clipper Graham,12.6,4.95,18.8,10000,242,263,826,4
DF-1,V-2,,14.1,1.65,14,4000,270,65,265,1
DF-11,DF-11,,7.4,.88,5.4,1645,93.2,,266,1
DF-11M,DF-11,,9.4,.88,5.4,1645,93.2,,266,1
DF-15,DF-15,M-9,9.1,1,6.2,,,,267,1
DF-16,DF-16,,7.5,1.2,12,,,,268,1
DF-2,V-2,,20,1.65,30,4000,300,,1227,1
DF-21,DF-21,CSSNX3,6,1.4,16.6,,,65,269,1
DF-21 St2,DF-21,CSSNX3,4,1.4,8.7,,,62,270,1
DF-2A,V-2,,20,1.65,30,4000,300,,1227,1
DF-31 St1,DF-31,,8,2,35,,,,271,1
DF-31 St2,DF-31,,4,2,10,,,,272,1
DF-31 St3,DF-31,,2,2,2,,,,273,1
DF-41 St1,DF-31,,8,2,35,,,,274,1
DF-41 St2,DF-31,,4,2,10,,,,275,1
DF-41 St3,DF-31,,2,2,2,,,,276,1
DF-5 Stage 1,DF5,LF140-YF21,20.2,3.35,151,9000,2785,132,1232,4
DF-5 Stage 2,CZ.St2,LF35-YF24,7.5,3.35,39,4000,742,110,1233,1
DF3-YF2A,DF3,,18,2.25,64.1,4100,1224,130,1239,4
DF4-YF3,CZ1.St2,,5.4,2.25,15,2700,306,110,1240,1
DIM,DIM,,1.9,.125,.04,,,,278,1
DS,DS,,.5,1,.5,50,,250,283,1
DSV-3E-3,Ablestar,Delta AJ10-118E,5.2,1.39,6,785,33.7,400,124,1
DSV-3N-4,Ablestar,Delta AJ10-118F,6.3,1.39,5.6,784,41.4,335,125,1
DSV-3P-4,Ablestar,Delta AJ10-118F,6,1.39,5.6,784,41.4,335,125,1
DSV-3P-4B,Ablestar,Delta TR-201,6,1.39,5.4,845,42,322,1088,1
Deacon,Deacon,,2.8,.152,.1,24,26,3,1184,1
Delta CBC,Delta4,,40.8,5,226.4,26760,2891,249,853,1
Delta CBC RS-68A,Delta4,,40.8,5,226.4,26760,3124,249,854,1
Delta D4SS-4,D3SS,Delta/0030,12,4,24.2,2850,110,850,835,1
Delta D4SS-5,D4SS,Delta-5m,12,5,30.7,3490,110,1125,835,1
Delta III Stage 1,Thor,,20,2.44,102.4,6820,1085.8,261,850,1
Delta III Stage 2,D3SS,Delta/0030,8.8,4,19.3,2475,110,700,835,1
Delta/0020,Delta2,Delta AJ10-118K,6,1.75,6.9,950,43.7,431,127,1
Demon,Demon,,2.8,.18,0,,,2.3,288,1
Dolphin,Dolphin,,15.5,1.07,7.5,,155,,289,1
Dorado,Demon,,3.1,.18,.14,66,42,4.1,290,1
Dragon V2,Dragon,,6.1,3.7,4.2,4200,584,5,1061,8
Dummy stage,Generic,,0,0,0,0,0,0,,0
E-8-5 VA,E8,,2.3,.5,.4,,,,292,1
EELT Thor,Thor,,26.1,2.44,101.8,5680,1085.8,261,850,1
ELT Thor DSV-2L,Thor,,22.4,2.44,84.1,4059,860,222,556,1
ELT Thor DSV-2L-1D,Thor,,22.4,2.44,84.1,4059,860,222,556,1
ELT Thor DSV-2L-1E,Thor,,22.4,2.44,84.1,4059,860,222,556,1
ELT Thor DSV-2W,Thor,ELT Thor 3900,22.4,2.44,84.4,4360,1030,223,849,1
ELT Thor DSV-2W-1,Thor,,22.8,2.44,84.4,4360,912,223,849,1
ELT Thor N,Thor,,22.4,2.44,85.8,4400,860,270,556,1
EPKM,SD,,2.8,1.7,6,541,177,87,302,1
ESC-A,EPS,,7,5.43,14,2000,64,945,343,1
ET,STS,,47,8.4,748,27000,6300,516,983,3
Elan,Belenos,,1.6,.21,.08,32,,2.5,161,1
Electron Stage 1,Electron,,12.1,1.2,10.2,950,162,,878,9
Electron Stage 2,Electron,,2.4,1.2,2.3,250,22,,879,1
Electron Stage 3,Electron,,1,1,1,,,,254,1
Emad,Nodong,,16,1.25,15.1,2000,255,90,655,1
Emeraude,Emeraude,,9,1.4,14.7,1500,274,93,1162,1
Emilie,Belenos,,1.6,.21,.08,32,,2.5,297,1
Emma,Emma,,1.7,.13,.05,11,1.4,37,951,1
Emma Booster,Emma,,.8,.13,.02,13,14.8,1,953,1
Energiya,Energiya,,58.1,7.75,780,80000,7850,480,724,4
Energiya Blok A,Zenit,,38.3,3.9,360,60000,7908,145,768,1
Epsilon PBS,EPBS,,1.2,1.5,.3,200,.4,1100,296,1
Excalibur,Excalibur,,2.4,.11,.04,13,25,2.5,298,1
F-104A Starfighter,Air,,0,0,0,0,0,0,,0
F-15D,Air,,0,0,0,0,0,0,,0
F2H2 Banshee,Air,,0,0,0,0,0,0,,0
F3H Cougar,Air,,0,0,0,0,0,0,,0
F4B Phantom,Air,,0,0,0,0,0,0,,0
F4D Phantom,Air,,0,0,0,0,0,0,,0
F4D-1 Skyray,Air,,0,0,0,0,0,0,,0
F4H Phantom,Air,,0,0,0,0,0,0,,0
F86D Sabrejet,Air,,0,0,0,0,0,0,,0
FB-1 Stage 1,DF5,LF140-YF21,20.2,3.35,151,9000,2785,132,1232,4
FB-1 Stage 2,CZ.St2,LF35-YF24,7.5,3.35,39,4000,742,110,1236,1
FFAR,FFAR,,1.2,.07,0,5,3.6,1.5,300,1
FFK,FFK,,4,.25,.3,,,,301,1
FTB,FTB,,3,.13,.07,1,,,979,1
FTI,FTI,,5,.3,.07,1,,,304,1
FTV,ISRO-TV,,2,.25,.3,,,,,1
FW4D,FW4,,1.5,.5,.3,25,25,30.5,305,1
FW4S,FW4,,1.5,.5,.3,32,25,30.5,305,1
Falcon,Falcon,,1,.16,.02,0,0,0,308,1
Falcon 1,Falcon1,,13,1.7,22.9,1360,378,169,587,1
Falcon 1 St 2,Falcon1,,4.5,1.7,4.5,544,33,418,442,1
Falcon 9 St 1,Falcon9,,29,3.65,302,17726,3680,174,587,9
Falcon 9 St 1/1D,Falcon9,,42,3.65,390,18000,5886,180,590,9
Falcon 9 St 1/1D-4,Falcon9,,43.5,3.65,390,18000,6770,180,591,9
Falcon 9 St 1/1D-5,Falcon9,,43.5,3.65,390,18000,6770,180,592,9
Falcon 9 St 1/1D-FT,Falcon9,,43.5,3.65,390,18000,6770,180,593,9
Falcon 9 St 2,Falcon9.St2,,10,3.65,52,2957,427,345,589,1
Falcon 9 St 2/1D,Falcon9.St2,,12.6,3.65,75.7,4900,801,372,594,1
Falcon 9 St 2/1D-4,Falcon9.St2,,12.6,3.65,75.7,4900,801,372,594,1
Falcon 9 St 2/1D-5,Falcon9.St2,,12.6,3.65,75.7,4900,801,372,594,1
Falcon 9-1D,Falcon9,,33,3.65,302,18000,547,174,590,1
FalconLaunch,SuperLoki,,2,.1,.03,6,18,2.1,1062,1
Fateh-110,Zelzal,,9,.61,1,,,,649,1
Frangible Arcas,Arcas,,1.8,.11,0,15,1.5,29,546,1
Fregat,Fregat,,1.5,3.35,6.5,1100,19.6,877,926,1
Fregat-SB,Fregat,,2.4,3.35,8.5,1050,19.6,1200,926,1
GCA/Orion 38,Pegasus.St3,,2.1,2.35,1.2,500,36,69.6,666,1
GCR 33KS2800,GCR,,1.4,.46,.2,30,12.5,33,73,1
GEM-40,GEM,,13,1.02,13.1,1315,499.2,63.3,312,1
GEM-46,GEM,,14.7,1.17,19.3,2035,608.1,75.2,313,1
GEM-60,GEM60,,16.2,1.52,33.2,3850,851.5,90,315,1
GF-01A,GF-02,,2,.77,2,200,29,140,317,1
GF-02,GF-02,,3.9,.77,2,250,118,38,316,1
GLCM,GLCM,,6.4,.53,1.8,,,,,0
GS1-L110,GSLV3,,17,4,110,,1400,200,1167,2
GS1-S125,PSLV,,20.3,2.8,156,27000,4700,100,901,1
GS1-S139,PSLV,PS-1,20,2.8,177,30000,4910,105,902,1
GS2,PSLV.St2,,11.6,2.8,42.8,4800,799,136,1166,1
GS2-C25,GSLV3.St2,,8.2,4,27,,200,580,225,1
GSOM,PSLV.St2,L40,19.7,2.1,46,6000,680,160,1166,1
GSOM-S200,GSOM,,22,3.2,207,,4800,130,913,1
GammaCen Booster,GammaCen,,.8,.13,.03,,,,,1
GammaCen Sustainer,GammaCenS,,1.6,.09,,,,,,1
Genie,Genie,MB-1,1.8,.38,.3,,156,1.5,552,1
Genie-Alarr,Genie,,3.1,.38,.3,,,,552,1
Ghauri,Nodong,Ghauri,16,1.25,16,3000,255,110,655,1
Ghaznavi,DF-11,,9.4,.88,5.4,1645,93.2,,266,1
Goldfinch,Raven,,2.5,.44,.4,94,175,3.5,323,1
Goldfinch II,Raven,Goldfinch,3,.44,.4,89,,3.5,322,1
Goose,Gosling,,3.4,.26,.3,95,22,17,324,1
Gosling,Gosling,,3.3,.26,.2,,152,2.5,325,1
Gosling 4T,Gosling,,3.6,.26,.3,89,137,3.1,326,1
Gosling IIN,Gosling,,3.5,.26,.2,,140,3,325,1
Gosling IV,Gosling,,3.5,.26,.3,,140,3,326,1
Grad,Grad,,5,.6,1,,,,207,1
Gradicom 1,Gradicom,,2.5,.32,.4,,,,328,1
Gradicom 2,Gradicom,,2.5,.32,.2,,,,329,1
Gun Projectile 16,Gun16,,1,.41,.1,,,,,0
Gun Projectile 5,Gun05,,1,.13,.1,,,,,0
Gun Projectile 7,Gun07,,1,.18,.1,,,,,0
H-II SRB,H2.SRB,,23.4,1.8,70.4,11200,1550,94,331,1
H-II SRB-A,H2.SRB,,15.2,2.5,75,10000,2250,100,332,1
H-II SRB-A3,H2.SRB,,15.1,2.5,76.5,10500,2305,120,333,1
H-II SSB,H2.SSB,,9,1.1,10.5,2100,338,66,334,1
H-II Stage 1,H2,H-II,34.4,4,98,11700,1080,346,458,1
H-II Stage 2,H2.St2,H-II St2,11,4,16.7,2700,122,600,456,1
H-IIA Stage 1,H2,H-II,37.2,4,114,13000,1100,390,459,1
H-IIA Stage 2,H2.St2,H-II St2,9.2,4,20,4000,137,600,457,1
H-IIA Stage 2 U,H2.St2,H-II St2,9.2,4,20,4000,137,600,457,1
H-IIB Stage 1,H2B,H-II,38,5.2,202,24000,2196,352,459,2
HAEC FFAR,FFAR,,1.4,.08,0,,,2.8,337,1
HALO,HALO,,1.6,.13,.02,10,.2,,338,1
HAPS,HAPS,,.8,1,.1,50,.7,180,566,3
HAPS Stage,HAPS,,.8,1,.1,50,.7,180,566,3
HAT,LongTom,,1.8,.41,.3,,90.4,2.3,288,2
HIBEX,HIBEX,,3.1,.79,6,,,,340,1
HIBEX-U,HIBEX,,3.1,.79,6,,,,341,1
HOTROC,HOTROC,,1.8,.3,.1,27,63.2,4.9,344,1
HPAG,Sidewinder,,1.8,.13,.03,12,12.5,2.7,345,1
HPS3,PSLV.St3,PS-3,3.6,2,8.4,1100,324,83,691,1
HPS4,PSLV.St4,PS-4,2.6,2,2.9,920,14.8,425,485,2
HTR,HTR,,10,.25,.5,,30,20,347,1
HV Arcas,Arcas,,1.6,.11,0,15,1.5,29,548,1
HVAR,HVAR,,1.7,.13,.04,17,25,.9,348,1
HYSR,HYSR,,15,.61,,,270,,349,1
Hades,Hades,,5,.53,1.8,,,,156,1
Hatf I,Stromboli,,3,.56,.9,246,75,16,1059,1
Hawk,Orion,,5,.35,.6,,13,32,522,1
Hercules Booster,Hercules,,4.3,1.06,2.4,,772,3.4,1221,4
Hermes A-1,Hermes,,7.8,.86,5,,71,,350,1
Hermes A-3A,HermesA3,,8.7,1.02,3.8,,80,,351,1
Hermes A-3B,HermesA3,,10.1,1.19,5.3,2000,100,,352,1
Heron,Gosling,,3.6,.26,.3,72,137,3.1,326,1
Hopi,Hopi,,2.1,.11,.03,7,18,3,354,1
Hopi III,Hopi,,2,.11,.03,8,28,2.1,353,1
Hopi IV,Hopi,,2.4,.11,.04,9,7.7,9,355,1
Hound Dog,HoundDog,,0,0,0,0,0,0,,0
Hwasong 10,R-27,,8,1.5,10,,255,128,413,1
Hwasong 5,R-11,,10,.88,5,,93,,905,1
Hwasong 6,R-11,,10,.88,5,,93,,905,1
Hwasong 7,R-11,,10,.88,5,,93,,905,1
Hwasong ER,R-11,,12,.88,5,,93,,905,1
Hwasong-12 Stage 1,Hwasong-12,,11.8,1.75,10,,,151,356,1
Hwasong-14 Stage 2,Nodong,,2.1,1.25,3,,,224,413,1
Hwasong-15 Stage 1,Hwasong-15,,2.1,2.25,3,,,224,346,1
Hwasong-15 Stage 2,Hwasong-15,,2.1,2.25,3,,,224,346,1
Hwasong-7,Nodong,,16,1.25,15.1,2000,255,110,655,1
Hydac,Javelin,,3.7,.23,.3,,58.7,,358,1
Hyperion,AMROC,,5.8,.147,.1,46,6,15,359,1
Hyunmoo Booster,Hyunmoo,,4.2,1.2,2.4,,800,,360,1
Hyunmoo-2A,Hyunmoo,,7,1.2,4,,,,361,1
Hyunmoo-2B,Hyunmoo,,7,1.2,4,,,,361,1
Hyunmoo-2C,Hyunmoo,,7,1.2,4,,,,361,1
IAI Arrow,Arrow2,Arrow,5,.8,1.5,,,,363,1
IAI Arrow St2,IAI.Arrow.St2,Arrow St2,2.5,.5,.5,,,,364,1
IAI Arrow-1,Jericho,Arrow,5,1.35,1.5,,,,362,1
INTA S-12,INTA-100,,1.6,.1,.03,,16.7,1.2,367,1
INTA-100,INTA-100,,2.5,.12,.03,,1.5,32,1148,1
IRIS Stage,IRIS.Fiat,IRIS,1.7,1.31,1.7,146,58,79,368,1
IUS SRM-1,Orbus21,Orbus 21,3.5,2.3,10.9,1115,186,153,663,1
IUS SRM-2,Orbus6,Orbus 6E,2.1,2.9,3.9,1005,76.5,104,664,1
Icarus,Icarus,,2.3,.15,.04,4,15.8,6.4,371,1
Icarus Stage 2,Icarus2,,1.4,.11,.01,4,4.1,7,372,1
Ikar,Ikar,,2.6,2.72,3.1,2344,29.4,600,51,1
Imp Malemute,Malemute,,3.3,.41,.6,100,55.1,22,373,1
Improved Orion,Orion,Orion,1.8,.35,.4,,13,32,520,1
Iraqi Gun Projectile,IraqGun350,,1.5,.35,.07,67,,,,0
Iris,Iris,,4,.3,.5,112,17,52,542,1
Iroquois,Iroquois,TE-M-388,2.7,.2,.1,43,24.4,7.7,1078,1
Iskander,Oka,,7.3,.92,3.8,,,,103,1
Iskander-E,Oka,,7.3,.92,3.8,,,,103,1
Iskander-M,Oka,,7.3,.92,3.8,,,,103,1
Ivanov,Ivanov,,1,.14,.1,,,,,1
Ivanov Booster,Ivanov,,.4,.14,.1,,,,,1
JCR,JCR,,5,.51,.7,,54,,377,1
JCR Booster,JCR,,5,.51,.7,,133,,376,1
Javelin 3,Javelin,,2.6,.23,.2,,93,,381,1
Jericho II,Belier,,2.7,.31,.3,,20,23.8,383,1
Jericho IIIA1,Jericho,,7.5,1.35,10,,,,,1
Jericho IIIA2,Jericho,,7.5,1.35,10,,,,,1
Jericho-1,Arrow2,,4.5,.8,2,,,,626,1
Judi I,Loki,,1.7,.08,.01,2,9,1.9,385,1
Judi III,Loki,,2.3,.08,0,2,9,1.9,386,1
Jupiter,Jupiter,,14.6,2.67,54.4,5400,660,180,888,1
K-15 Booster,K-15,,2,.5,1,,,,387,1
K-15 Stage 2,K-15,,5,.5,2,,,,388,1
K-4 Booster,K-4,,5,1.3,8,,,,389,1
K-4 Stage 2,K-4,,5,1.3,8,,,,390,1
K-BATS,ATACMS,,4,.61,1.2,,,,391,1
K10S,K10S,,.5,.3,.1,,,,392,1
K150,K150,,3.5,.15,.1,10,19,15.8,393,1
K245,K250,,1,.25,.1,40,34,9.3,396,1
K250,K250,,4.6,.25,.3,50,43,7.6,396,1
K420,K420,,5.8,.42,1.2,200,110,17,399,1
K420(1/3),K420,,2,.42,,,45,,400,1
K420H,K420,,5.8,.42,1.2,200,110,17,401,1
KM Rockoon,KM-D,,1.3,.7,.3,50,,,404,1
KM-D,KM-D,,1,.63,.3,24,17.4,38,404,1
KM-H,KM-H,,1.4,.93,.1,13,,,405,1
KM-L,KM-L,,.1,.1,.004,1,,,406,1
KM-M,M-40,,1.3,.8,.6,45,32,63,407,1
KM-P,M-40,,1.2,.79,.5,42,31.3,44,408,1
KM-V1,KM-V,,1.5,1.2,1.4,118,52,73,409,1
KM-V2b,KM-V2,,2.3,1.4,2.9,800,99.8,90,410,1
KM-V2c,KM-V2,,2.2,1.4,2.9,400,99.6,88,411,1
KN-02,Tochka,,6.4,.65,2,,,,412,1
KN-11,Bukguekseong,,4,1.5,10,,255,128,414,1
KN-11-2,Bukguekseong,,2.8,1.5,7,,255,128,415,1
KSLV-1 Stage 2,KSLV.St2,,1.6,1,1.4,200,80,44,419,1
KSR,KSR,,4,.42,1.2,,86,20,420,1
KSR Booster,KSR,,3.6,.42,.8,,211,5.9,421,1
KSR-III,KSR-3,,10,1,5.6,,126,59,422,1
KT-1 St3,KT1-3,,2,1.2,2,,,,423,1
KZ-1 St3,KT1-3,,2,1.2,3.2,,,55,435,1
KZ-1 St4,KT1-3,,1.5,1.1,2,,,,436,1
KZ-1A St1,DF-21,,6,1.4,16.6,,,65,269,1
KZ-2 St3,KZ2-3,,2,1.4,3.2,,,55,437,1
Kappa 1,Kappa,,2.7,.13,.04,20,10,3,438,1
Kappa 3 Booster,K250,,2.5,.22,.2,,,,395,1
Kappa 4,Kappa,,2.7,.13,.04,20,10,3,439,1
Kappa 4 Booster,Kappa4,,3.3,.33,.15,,105,3,440,1
Kappa 6,K250,,2.3,.25,.2,40,34,9.3,396,1
Kappa 6H,K250,,3.6,.25,.3,50,,7.2,398,1
Kappa 8,K250,,3.1,.25,.3,50,34,9.7,397,1
Kappa 8L,Kappa,,2.4,.16,.1,20,,5.3,394,1
Kavoshgar,Kavoshgar,Iran,4,.36,.3,0,0,,441,1
Khorramshahr,R-27,,8,1.5,10,,255,128,413,1
Kisha,Deacon,,2,.166,.1,,21,4.4,443,1
Kiva,Kiva,,2.6,.166,.1,24,27,5.5,444,1
L-1011,Air,,0,0,0,0,0,0,,0
L-3 Blok G,BlokG,,9.1,4.4,61.8,6000,445,443,636,1
L140-YF21,DF5,,20.2,3.35,151,9000,2785,132,1232,4
L180-YF21B,DF5,L180-YF21B,23.1,3.35,180,10000,2961,130,1231,4
L35-YF24,CZ.St2,L35-YF24,9.7,3.35,39,4000,765.8,110,1233,1
L35-YF24B,CZ.St2,L35-YF24B,11.5,3.35,34,4000,788.4,110,1234,1
L480S,L480S,,.5,.48,.1,15,7.8,31.5,445,1
L500,L500,,2.5,.5,.8,,69,27,446,1
L735,Lambda,,8.4,.74,5,2945,410,28.8,447,1
L735(1/3),Lambda.St2,L735(1-3),3.9,.74,2.5,,118,38.4,448,1
LAPSTAR,Lupus,,1.5,.13,.05,15,13.7,2.7,450,1
LE-3,LE-3,,5.4,1.62,5.8,500,54,250,453,1
LE-5,LE-5,,9.3,2.44,10.6,1800,103,370,455,1
LEO-1,Orbus1,,1.2,.7,.7,45,50,51.5,460,1
LEO-46,LEO-46,,11.2,1.17,22.1,1700,1265,76,461,1
LEO-7,LEO-7,,2.7,1.17,3.6,350,195.1,62,462,1
LM AS,LMAS,,2.5,3.76,4.9,2000,15.6,480,846,1
LPR-006,LPR-006,,3,.13,.2,,6,,467,1
LPR-3T,ISRO-TV,,2,.25,.3,,,,468,1
LR87,Titan,,16,3.05,76.2,4000,1470,138,472,2
LR87AJ11,Titan,,23.8,3.05,116.6,5500,2353,147,473,2
LR87AJ11A,Titan,,26.4,3.05,163,8000,2452,164,474,2
LR87AJ5,Titan,,21.5,3.05,122,4000,2090,147,475,2
LR87AJ9,Titan,,23.8,3.05,116.6,5500,2353,147,473,2
LR91,Titan.St2,,8,3.05,28.9,1725,356.1,225,477,1
LR91AJ11,Titan.St2,,9.6,3.05,29.2,2650,449.2,205,478,1
LR91AJ11A,Titan.St2,,10,3.05,39.5,4500,472.2,223,479,1
LR91AJ5,Titan.St2,,7.3,3.05,28.9,2400,440,182,480,1
LR91AJ9,Titan.St2,,9.6,3.05,29.2,2650,449.2,205,481,1
LS-A,LS-C,,4.5,.3,.3,,10,35,451,1
LS-A Booster,STA,,3,.35,.4,,60,10,483,1
LS-C,LS-C,,4,.6,1,,,,452,1
LS-C Booster,LS-C,,2.5,.6,.3,,,,484,1
LS-C-7,LS-C,,4,.6,1,,,,454,1
LT Thor DSV-2L-1A,Thor,LT Thor DSV-2L,21,2.44,70.3,3715,860,215,556,1
LT Thor DSV-2L-1B,Thor,LT Thor DSV-2L,20.3,2.44,70.3,3715,860,215,556,1
LT Thor DSV-2L-1C,Thor,LT Thor DSV-2L,20.3,2.44,70.3,3715,860,215,556,1
LT Thor N,Thor,,20.3,2.44,70.3,3715,860,215,556,1
LaRC Plastic,Plastic,LaRC Plastic rocket,.5,.09,0,1,.3,3,486,1
Lacrosse,Lacrosse,,2.1,.4,.3,,168,2.6,1122,1
Lambda2-2,K420,,8.7,.42,1.4,300,110,17,399,1
Lambda3-2,K420,,11,.42,1.8,300,110,17,399,1
Lambda3-3,K420,,4.8,.42,.5,100,110,,399,1
Lance,LanceMotor,,4.6,.38,.8,217,174,6.7,487,1
Lance Missile,Lance,,6.2,.56,,,20,114,685,1
Lance XM-45,LanceMotor,,4.9,.38,.8,,222,5,1125,1
Lark,Lark,,4.2,.46,.5,,2.8,260,470,1
Lex,Lex,,2.6,.16,.1,20,10,20,577,1
Lobster I,Lobster,,1.9,.18,.03,,29,2,491,1
Loki,Loki,Loki,1.7,.08,0,3,15,.8,492,1
Loki II,Loki,Loki,1.7,.08,.011,2,9,2,493,1
Loki SR71-AD-1,Loki,,1.7,.08,.011,2,9,2,974,1
Loki-Dart,Loki,Loki II Dart,1.7,.08,0,3,15,.8,492,1
Long Tom,LongTom,,3.1,.47,.6,,190,3.6,583,4
Luna-M,Luna,,9.4,.54,2.3,,,,102,1
Lupus,Lupus,,1.7,.13,.03,16,9.5,5.2,494,1
Lupus 2,Lupus,,1.7,.13,.04,16,9.5,4,495,1
Lupus 3,Lupus,,2,.13,.04,16,9.5,4,497,1
Luzou,Luzou,,.3,.15,.01,3,3,1.7,498,1
Lynx,Standard,,3,.35,.5,,,,597,1
M-10,Mu,,13,1.41,26.6,5907,737,61,499,1
M-100,M-100,,3.5,.25,.3,110,,5,500,1
M-100 St2,M-100,,1.6,.25,.1,55,,4.5,501,1
M-13,Mu,,14.8,1.41,33.4,6290,954,66,502,1
M-13TVC,Mu,,14.8,1.41,34.2,6987,1020,66,502,1
M-14,MV,,14.1,2.51,87,12070,3780,49,503,1
M-20,M-20,,4.7,1.41,9.9,2779,285,66,504,1
M-22TVC,M-20,,5,1.41,9.8,2607,285,66,505,1
M-23,M-20,,6.2,1.41,13,2742,523,73,506,1
M-24,M-24,,6.6,2.51,38,3410,1240,71,507,1
M-25,M-24,,6.6,2.51,38,3410,1240,71,508,1
M-250,MR-12,,8.8,.45,1,,,,571,1
M-30,M-30,,4,.86,2.8,773,128,42,509,1
M-34,M-34,,3.4,2.2,11.6,1000,290,102,511,1
M-34c,M-34,,4.3,2.2,12.3,1500,327,105,512,1
M-35,M-35,,4,2.6,17.2,2200,445,129,513,1
M-3A,M-40,,2.3,1.14,1.1,130,61,54,514,1
M-3B,M-40,,2.7,1.5,3.6,310,132,87,515,1
M-40,M-40,,1.8,.79,.4,73,26.5,40,516,1
M-6,HJ,M6 Honest John,4.9,.58,1.9,954,365,5,517,1
M55A1,Minuteman,,7.5,1.68,22.9,2500,792,59.3,525,1
M55E1,Minuteman,,7.5,1.68,22.9,2320,892,60,1096,1
M55E1-ATK,Minuteman,,7.5,1.68,22.9,2522,892,60,1097,1
M56A1,Aries,Aries,3.8,1.12,5.2,750,200,60,526,1
M57A1,Minuteman.St3,,2.1,.97,1.9,300,76,59,528,1
MARC 14A1,ArcasB,,.7,.11,.016,11,12,.8,543,1
MARC 14B1,TTB,,.8,.3,.1,59,84,.8,544,7
MARC 42A1,ArcasB,,1.6,.11,.03,15,12.2,3,549,1
MARC 42A2,ArcasB,,.9,.11,0,,,,550,1
MCR-3,RH-125,,1,.12,.02,,,,557,1
MD-620,Agate,,4.1,.8,2,,,,626,1
MERA,Mera,,1,.15,.02,4,,,558,1
MG-18,Altair,M-2,1.5,.46,.3,,,,559,1
MLRS,MLRS,,2,.23,.3,,53,3.2,560,1
MMR-06,MMR-06,,2.5,.2,.1,20,,9,561,1
MR-1,Sparrow,,1.6,.41,.22,124,102,1.9,3,3
MR-12,MR-12,,8.8,.45,1,,,,568,1
MR-20,MR-12,,8.8,.45,1,,,,570,1
MR-30,MR-12,,8.8,.45,1,,,,572,1
MR-UR-100 BR,BR,,1,2.15,1,500,,,29,1
MR-UR-100 St 1,MR-UR-100,,14.3,2.25,59,5000,1236,,789,1
MR-UR-100 St 2,MR-UR-100.St2,,3.2,2.15,10,1000,142,195,28,1
MSBS 401,MSBS,,5.4,1.93,22.5,2500,900,60,937,1
MSBS 402,MSBS.St2,,2,1.93,8.8,800,300,70,938,1
MSBS 403,MSBS.St3,,1.1,1.93,1.5,100,100,40,939,1
MSBS 501,M51,,6.5,2.3,30,2500,900,60,574,1
MSBS 502,M51,,2.3,2.3,10,800,300,70,575,1
MSBS 503,M51,,1.3,2.3,5,100,100,40,576,1
MSD,Star20,,1.5,.5,.3,26,26.5,27.5,1022,1
MT-135P,MT-135,,3.3,.14,0,,12,10.5,578,1
MX-774,MX-774,,5.7,.76,1.1,500,35,75,579,4
MX-775,Snark,,5.1,.69,1.2,0,580,4,620,2
Mace,Matador,,0,0,0,0,0,0,1098,0
Malemute,Malemute,,3.3,.41,.6,100,55.1,22,1102,1
Martlet 1,Gun16,,1.5,.13,.2,170,0,0,,0
Martlet 2,Gun16,,1.5,.13,.2,170,0,0,,0
Martlet 3A,Gun16,,1.5,.13,.2,170,0,0,,0
Martlet 3B,Gun16,,1.5,.13,.2,170,0,0,,0
Matador,Matador,,0,0,0,0,0,0,1106,0
Mayfly,LongTom,,3.1,.23,.25,,62,3.6,583,1
Melanie,Berenice,,3,.22,.1,40,38,4.4,584,1
Melanie 1,Monica,,1.1,.16,.01,,,,584,1
Melusine,Monica,,1.9,.16,0,29,,8,585,1
Mesquito,MLRS,,2,.23,.3,,53,3.2,560,1
Meteo,Meteo,,3.4,.15,.02,,,,,1
Meteor 1,Meteor,,1.8,.11,.03,10,14,2.3,595,1
Meteor 3 Booster,Meteor,,1.8,.11,.03,10,14,2.3,595,1
Meteor 3B Booster,Meteor,,1,.2,.06,,,2.3,595,3
Meteor SRB,Meteor,,1.7,.11,0,15,14,2.3,595,1
Meteor-2,Meteor2,,4.2,.35,.4,126,24,18,596,1
Metroc,Loki,,1.4,.08,.01,0,.6,17.5,545,1
MiG31D 072,Air,,0,0,0,0,0,0,,0
Mimosa,Mimosa,,2.6,.2,.2,40,33,5,944,1
Mk 104,Standard,,2.9,.35,.5,128,,,597,1
Mk 104 (ARC),Standard,,2.9,.35,.5,128,,,597,1
Mk 30,Standard,,3.5,.35,.4,,,,606,1
Mk 56,Standard,,4.5,.35,.6,,,,611,1
Mk 72,Mk72,,1.7,.53,.7,243,,,614,1
Mk7,FFAR,,1.2,.07,.01,9,9.8,.9,616,1
Momo,Momo,,6.2,.5,.8,,,,618,1
Musca,Musca,,1.7,.09,.01,,5.1,3.7,619,1
N-1 Blok-A,N-1,N-1 Blok A,30,14,1870,130000,45300,110,634,30
N-1 Blok-B,11A52B,Blok B,20.5,10.3,540,56000,14000,130,635,8
N-1 Blok-V,11A52V,Blok V,12.5,6.4,185,13700,1610,400,637,4
NA-805,Agate,,5,.8,4.1,,,,627,1
NAL-16,STA,,3.9,.165,.1,40,10,14,628,1
NAL-25,STA,,4,.25,0,,,,629,1
NAL-7,STA,,2,.07,0,,5,1,630,1
NAL-735,SB-735,,9,.74,4.7,,250,49,631,1
NB-52,Air,,0,0,0,0,0,0,,0
NOTS 124-C,Sidewinder,,1,.13,.03,,,,643,1
NOTS 3in Sph.,NOTS.3inSM,,.1,.08,0,1,.7,1,644,1
NOTS 401A,NOTS400,,.8,.5,,,,7.2,645,1
NOTS 500,NOTS500,,2.5,.61,.9,,,45,646,1
NOTS 551,NOTS551,,3,.34,.4,85,,28,648,1
NOTS 8in,NOTS.8in,,.5,.2,.01,3,5.1,5.7,647,1
NSPO Booster,NSPOB,,2.4,.55,1,,,6,652,1
NSPO Stage 2,NSPO,,3.9,.42,1,,,30,653,1
Naro Stage 1,Angara,,25.7,2.9,142.4,9800,1670,337.5,767,1
Navaho Booster,Navaho,,23.2,,,,0,0,310,2
Navaho Missile,X-10,,21.3,,,,0,0,,0
Nazeat,Kavoshgar,Iran,4,.36,.3,0,0,,441,1
Neptune,Neptune,,3.2,.39,.5,150,20,32,654,1
New Shepard PM,NewShepard,,12,3,75,10000,1020,145,198,4
Nihka,BB5,,2,.44,.4,79,49.9,17.8,52,1
Nike,Nike,,3.6,.42,.7,256,195.6,3.4,529,1
Nike-46,Nike-46,,1,.4,1,,392,2,54,4
Nike-46 Sustainer,Ajax,,6,.3,.4,,11.4,21,1205,1
Nike-47,Nike-46,,1,.4,1.1,,392,2,55,4
Nike-47 Sustainer,Ajax,,6,.3,.4,,11.4,21,58,1
Nike-484 Sustainer,Ajax,,6,.3,.4,,11.4,21,58,1
Nike-490 Sustainer,Ajax,,6,.3,.4,,13.8,71,169,1
Nudol',A-350,,7,2.6,15,,,,657,1
Nudol' Booster,A-350,,8,2.6,15,,,,656,1
OAM,OAM,,1,2.3,.7,360,.9,550,566,4
OIS,Star27,,1.2,.69,.4,24,26.7,34.3,1028,1
OS-X0,DF-11,,7.4,.88,5.4,1645,93.2,,266,1
OTRAG,OTRAG,,7,.76,,,120,,659,4
OV,STS.OV,,37.2,5.49,110,80000,54,90,658,2
Oka,Oka,,7.5,.92,4.6,,,,660,1
Orbus 1,Orbus1,,1.2,.7,.5,50,88,,661,1
Orbus 1A,Orbus1,,1.2,.7,.5,50,88,,662,1
Orbus 21D,Orbus21,ESBM,3,2.3,10.8,1030,187,150,663,1
Oreste,Monica,,.5,.13,.01,,.9,8,665,1
Oriole,Oriole,,3.9,.56,1,198,92.1,,311,1
Orion,Orion,,2.7,.35,.4,111,13,32,522,1
Orion 38,Pegasus.St3,Pegasus 3,1.3,.97,.9,126,36,69.6,666,1
Orion 50,Pegasus.St2,Pegasus 2,2.7,1.27,3.4,345,118,73.3,667,1
Orion 50S,Pegasus,Pegasus 1,8.9,1.27,13.4,1900,485,72.4,668,1
Orion 50SG,Pegasus,Taurus-Lite,10,1.27,15,,,,670,1
Orion 50SXLG,Pegasus,Taurus-Lite,10,1.27,15,,704,,670,1
Orion 50SXLT,Pegasus,,10,1.27,15,,704,,671,1
Orion 50XL,Pegasus.St2,Pegasus XL Stage 2,3.7,1.27,4,420,196,72.5,672,1
Orion 50XLT,Pegasus.St2,,3.7,1.27,4,420,196,72.5,673,1
Orion LAS,Orion.LAS,,10,1,6,,,,674,1
Orion-1,IIAE.Orion,,3,.21,.1,55,,12,675,1
Orion-2,IIAE.Orion,,3,.21,.1,55,,12,676,1
P064,Rubis,Rubis,1.5,.65,.7,89,52,45,678,1
P068,P068,P0.68,1.7,.8,.8,62,52.5,46.5,679,1
PAL,PAL,,18.6,2.17,44,4500,758.5,140,1172,1
PAM-D2,PAM-D2,,2.7,1.6,3.5,230,85,118,1053,1
PAP,PAP,,11.5,1.07,12.6,3100,650,42,687,1
PBS,PBS,,1,1.32,1,,1.4,,845,1
PDV Target St2,Prithvi,,2,1.1,2,,,,66,1
PS2,PSLV.St2,PS-2,12.5,2.8,45.8,5300,724,158,1166,1
PS3,PSLV.St3,PS-3,3.6,2,8.4,1100,324,83,691,1
PS4,PSLV.St4,PS-4,2.6,2,2.9,920,14.8,425,485,2
PSOM,ASLV,,11.3,1,11,2000,677,44.2,692,1
PSOM-XL,ASLV,,13.5,1,13.5,2000,720,49,692,1
Paekkom Booster,Hercules,,4.3,1.06,2.4,,,,697,4
Paiute,Genie,,1.9,.38,.3,81,186,3.7,1101,1
Patriot,Malemute,,3.3,.41,.6,100,55.1,22,1120,1
Peacekeeper PBPS,MX.St4,,1.1,2.35,1.3,550,11.8,168,851,1
Pedro,Pedro,,3.1,.71,1.5,250,244,11.3,1114,1
Pegasus XL Stage 1,Pegasus,Pegasus XL1,10.3,1.27,17,2000,594,73.4,669,1
Peregrine,Peregrine,,6.2,.44,1.2,,,,698,1
Perekhodnik,Perekhodnik,,0,0,0,0,0,0,,0
Perimetr Stage 1,MR-UR-100,,14.9,2.25,59,5000,1236,,789,1
Perimetr Stage 2,MR-UR-100.St2,,3.2,2.15,10,1000,142,195,28,1
Pershing 2 St1,Pershing,,4,1.02,4.1,530,172,58,699,1
Pershing 2 St2,Pershing,,2.8,1.02,5.8,350,134,46,700,1
Petrel,Petrel,,1.8,.19,.1,26,4.5,30,488,1
Petrel 2,Petrel,Petrel,1.8,.19,.1,26,4.5,30,488,1
Polaris TV,Polaris,-  [0.78m?],6,.79,8.3,1450,285,23,1116,1
Pollux,Sergeant,,5.7,.79,4.2,,,38,701,1
Prithvi,Prithvi,,8.5,1.1,4.5,,,,703,1
Private A,PrivateA,,2.3,.25,.3,130,4.4,30,71,1
Private A Booster,PrivateBooster,,1,.47,.07,,98,.2,1064,4
Private F,PrivateA,,2.3,.25,.3,130,4.4,30,71,1
Proson St1,Proson,,1.5,.2,.1,,,,704,1
Proson St2,Proson2,,1.6,.106,.03,,,,705,1
Prosper,Monica,,1.2,.16,.01,,,,584,1
R-1,V-2,,14.1,1.65,13.4,4000,267,65,750,1
R-11,R-11,,7.4,.88,4.6,955,93,,905,1
R-11FM,R-11,,7.4,.88,4.5,1080,93,63,906,1
R-12,R-12,,18,1.65,34.6,4810,625.6,125,773,1
R-12 11K63A,R-12,,18,1.65,39.5,4810,625.6,125,773,1
R-12 63S1A,R-12,,18,1.65,39.5,4810,625.6,125,773,1
R-12 63S1MA,R-12,,18,1.65,39.5,4810,625.6,125,773,1
R-13,R-13,,10,1.3,13.7,,,,909,1
R-14,R-14,,22.4,2.4,87.2,5300,1745,130,776,1
R-14 11K65A,R-14,,22.4,2.4,87.2,5300,1745,130,776,1
R-14 11K65MA,R-14,,22.4,2.4,87.2,5300,1745,130,776,1
R-14 65S3A,R-14,,22.4,2.4,87.2,5300,1745,130,776,1
R-17,R-11,Scud B,7.4,.88,5.4,1645,93.2,,917,1
R-2,V-2,,17,1.65,20.3,4380,363,85,751,1
R-21,R-21,,12,1.3,16.6,,,,919,1
R-27,R-27,,8,1.5,10,,255,128,78,1
R-29 St 1,R-29,,7.7,1.9,20,,682,74,746,1
R-29 St 2,R-29.St2,,3.1,1.8,10,,,,713,1
R-29R St 1,R-29,,7.7,1.9,20,,682,74,746,1
R-29R St 2,R-29.St2,,3.1,1.8,10,,,,713,1
R-29RM St1,R-29,,7.7,1.9,20,,682,74,746,1
R-29RM St2,R-29.St2,,4.9,1.9,10,,,94,714,1
R-29RM St3,R-29.St3,,2.8,1.9,10,,,87,715,1
R-31 BS,BR,,2.5,1.54,1.3,200,4,101,707,4
R-31 St 1,R-31,,6.3,1.54,17.5,2000,579,84,74,1
R-31 St 2,R-31.St2,,3.1,1.54,6.9,800,233,74,706,1
R-39 St 1,R-39,,9.7,2.4,53.7,,2060,,75,1
R-39 St 2,R-39.St2,,5,2.4,25,,,,708,1
R-39 St 3,R-39.St3,,4,2.4,10,,,,709,1
R-5,R-5,,20.7,1.65,28.6,4400,500,115,752,1
R-UNK,UNK,,0,0,,,,,,1
RB-57B,Air,,0,0,0,0,0,0,,0
RH-125,RH-125,,1.4,.12,.02,11,8.4,2.9,816,1
RH-125S,RH-125,,1.6,.12,.02,14,1.3,32,817,1
RH-200,RH-200,,1.4,.2,.1,,16.9,5.7,818,1
RH-200SV,RH-200,,1.4,.21,.14,48,16.9,10,819,1
RH-300,Belier,,2.8,.31,.3,79,33.3,16,820,1
RH-300 Booster,Venus,,2,.28,.2,65,37.5,6,821,1
RH-300 Mk II,Belier,,3.4,.31,.5,,39.1,20.2,822,1
RH-560,Stromboli,,3.9,.56,.9,277,76,19,823,1
RH-560S,Stromboli,,4.1,.56,1.3,262,119,19,824,1
RH-75,RH-75,,1.2,.08,.01,,,,825,1
RH-ATV,Stromboli,,3.7,.56,.9,277,76,19,823,1
RSA-3-1,Jericho,,6.3,1.35,10.2,1100,456,52,856,1
RSA-3-2,Jericho,,6.4,1.35,11,1771,477,52,857,1
RSA-3-3,AUS-51,,2.1,1.35,2,170,59,94,858,1
RSRM,SRB,,45.5,3.77,590,88000,11790,123,977,1
RT-21 St1,Temp-2S,,8.6,1.79,26.6,,,63,718,1
RT-21 St2,RT-21.St2,,4.4,1.47,8.7,,,,719,1
RT-21 St3,Topol.St3,,3.9,1.34,8.7,1000,245,,720,1
RT-23 St 3,RT-23.St3,,3.6,2.4,15,,206,,807,1
RTV Motor,BabySergeant,Baby Sergeant,1.2,.15,.025,6,8.6,7.6,860,1
RTV-A-3,RTV,,2.5,.46,.6,280,12,,632,1
RV-A-10,Sergeant,,4,.79,3.5,800,140,30,861,1
RX-250-LPN,RX-250,,5.3,.25,.3,,52,6,862,1
RX-320,RX-320,,4.7,.32,.5,,52,,863,1
RX-420,RX-420,,6,.42,.5,,100,,864,1
Raven 1/1A/2A,Raven,,5.1,.44,1,240,44.5,30,866,1
Raven 11,Raven,Raven,5.5,.44,1.3,290,105,39,867,1
Raven 2,Raven,,5.1,.44,1,240,44.5,30,868,1
Raven 5,Raven,,5.1,.44,1,240,44.5,30,869,1
Raven 6,Raven,Raven,5.4,.44,1.2,242,52.5,36,870,1
Raven 7,Raven,,5.1,.44,1,240,44.5,30,871,1
Raven 8,Raven,Raven,5.4,.44,1.1,230,50.1,30,872,1
Recruit,Recruit,XM-19,2.6,.23,.2,,156,1.5,2,1
Recruit 1A,Recruit,TE29-1A,3.1,.23,.2,67,132,2.2,1076,1
Redstone,Redstone,,13.4,1.78,33,3000,370,155,874,1
Redstone MRLV,Redstone,,15.5,1.78,33,3000,370,175,874,1
Regulus,Regulus,,10.1,1.4,6.6,,0,0,,0
Regulus II,Regulus,,20.5,1.3,10.2,,0,0,,0
Rita I,Rita,Rita 1,2.3,1.51,4.8,350,180,62,681,1
Rita II,Rita,Rita 2,3,1.51,6,,320,52,875,1
Rocketsonde,Rocketsonde,,2,.11,0,15,,,,1
Rocketsonde2,Rocketsonde2,,2,.11,0,15,,,,1
Rook,Raven,Rook,5.4,.44,1.1,186,300,5.5,876,1
Rook II,Raven,Rook,5.4,.44,1.2,304,300,7,876,1
Rook IIIA,Raven,Rook,5.4,.44,1.1,186,300,5.5,876,1
Rook IIIB,Raven,Rook,5.4,.44,1.1,186,300,5.5,876,1
S-160,S-160,S160,3.9,.16,.1,,,,880,1
S-210,S-210,S210,5.1,.21,.26,,,17,882,1
S-250,K250,,2,.25,.2,,,,966,1
S-300,S-300,S300,6,.3,.5,,,,885,1
S-310,S-310,S310,5,.31,.6,230,80,31.6,887,1
S-40,S-40,S-40,5.3,1.01,5.6,1300,252,40,889,1
S-40TM,S-40,,5.1,1.01,5.4,1190,202,58,889,1
S-43,S-40,S-43,8.1,1.01,8.4,1250,327,40,892,1
S-43 VLR-R2,S-40,S-43,8.1,1.01,8.4,1250,327,40,892,1
S-43TM,S-40,S-43,8.1,1.01,8.4,1250,327,40,892,1
S-44,S-44,,1.7,1.01,1,127,33,66,893,1
S-44M,S-44,,1.7,1.01,1,127,33,66,893,1
S-520,S-520,S520,5.9,.52,2.3,400,143.1,28.7,895,1
S-A,STA,,2.8,.16,.037,,2.5,,896,1
S-B,STA,,2.8,.16,.1,,,,897,1
S-C,STA,,2.8,.16,.1,,,,898,1
S-II Interstage,Interstage,,0,0,0,0,0,0,,0
S1,Kosmos-2.St2,,7.8,1.65,8.6,840,105,250,765,1
S125,PSLV,PS-1,20,2.8,168,30000,4430,105,901,1
S139,PSLV,PS-1,20,2.8,177,30000,4910,105,902,1
S1M,Kosmos-2.St2,,7.8,1.65,8.6,840,105,250,765,1
S3,Kosmos-3.St2,,6,2.4,20.1,1500,157,335,11,1
S31,Sonda3,,3.2,.56,.9,284,136,11,886,1
S3M,Kosmos-3.St2,,6,2.4,20.1,1435,157,335,11,1
S5M,S5M,,2.8,2.2,4.6,1600,79,125,802,1
S9,ASLV,,10.7,1,11,2900,500,49,930,1
SA-II,STA,,1,.1,0,,,,931,1
SARGE,STIG-B,,11,.51,1,363,24.1,60,933,1
SB-310,SB-310,,5.8,.31,.5,190,95,7.4,934,1
SB-735,SB-735,M-3S SRB,9.1,.74,5.1,1100,328,38,935,1
SDC Viper,Viper,Viper IIB,2.7,.166,.09,20,35.8,3.2,69,1
SEGPRO,ISRO-TV,,2,.25,.3,,,,,1
SEP 901,P-10,P-10,4.5,1.51,10,,440,,940,1
SEP 902,P-16,P-16,6.9,1.51,16,,540,,941,1
SEP 903,P-10,P-10,4.7,1.51,10,,440,,942,1
SEP 904,P-10,P-10,4.5,1.51,10,,450,50,943,1
SEPR P167,SEPR167,,1,.1,0,,,,952,1
SEPR-732,Stromboli,,2.5,.56,1.5,,200,,955,1
SICBM,SICBM,,7.5,1.17,11.6,,979,40,956,1
SICBM PBS,SICBM4,,.8,1.17,.5,,,,959,1
SICBM St 2,SICBM2,,3.2,1.17,3.3,,267,44,957,1
SICBM St 3,SICBM3,,2,1.17,1.5,,88,,958,1
SLV-3 Booster,Atlas.Booster,,4.5,3.05,3.2,3200,1495,140,538,1
SLV-3-1,ASLV,,9.8,1,10.8,2140,420,53,960,1
SLV-3-2,ASLV.St2,,6.4,.8,4.9,1750,200,42,961,1
SLV-3-3,ASLV.St3,,2.4,.8,1.5,440,60,46,962,1
SLV-3-4,ASLV.St4,,1.5,.66,.4,98,27,33,963,1
SLV-3C Booster,Atlas.Booster,,4.5,3.05,3.2,3200,1646,140,538,1
SLV-3D Booster,Atlas.Booster,,4.5,3.05,3.2,3200,1557,140,538,1
SM-3-II-2,SM-3-II,,2.5,.53,,,,,964,1
SM-3-II-3,SM-3-II,,1,.53,,,,,965,1
SOZ,SOZ,,0,0,0,0,0,0,,0
SPRAN-50,Daniel,,2.5,.4,.4,,,5.6,967,1
SQ-1S,DF-11,,7.4,.88,5.4,1645,93.2,,266,1
SR118,MX,TU904,8.4,2.35,53.4,4400,2225,78.8,1103,1
SR119,MX.St2,SR119,5.3,2.35,27.7,3175,1223,54,970,1
SR120,MX.St3,SR120,2.3,2.35,7.8,635,289,60.7,971,1
SR19,SR19,,4.1,1.32,7.3,1070,267,65.5,972,1
SR19AJ1,SR19,SR19,4.1,1.32,7.3,800,267,65.5,972,1
SR19AJ1-ATK,SR19,,4.1,1.32,7.3,1070,267,65.5,973,1
SR73AJ1,SR73,SR73,2.3,1.32,3.7,410,152,61,975,1
SR73AJ1-ATK,SR73,SR73,2.3,1.32,3.7,410,152,61,976,1
SRAM,SRAM,,4.3,.46,1,,,,465,1
SRM,SRB,,45.5,3.77,590,88000,11790,123,977,1
SRMU,SRMU,,34.3,3.2,350,37000,7500,137.8,978,1
SS-50,Rigel,,2,.28,.2,,,18,980,1
SS-520 St 2,S-520,,1.7,.52,.4,111,,,981,1
SS-520 St 3,SS-520-4,,.6,.45,.078,,,,982,1
ST,STA,,1,.1,0,,,,897,1
ST-735,SB-735,,4.6,.74,7.4,,250,49,984,1
ST-735 Stage 2,SB-735,,2,.74,4,,,,985,1
ST-735-SB,SB-310,,4.7,.38,.3,356,0,0,,1
STIG-A,STIG,,9.7,.39,.7,,22.5,50,986,1
STIG-B,STIG-B,,10,.51,.7,,22.5,50,987,1
Safir Stage 2,Nodong,,3,1.25,9,,18,60,482,1
Saluki B,Raven,,1,.44,.56,,195.5,6,990,1
Saluki S,Raven,,1,.44,.44,,35.6,27,991,1
Sandhawk,Sandhawk,,5.1,.33,.7,200,90,14,1081,1
Saturn S-I,Saturn,,22.5,6.53,432.7,45250,5768,115,330,8
Saturn S-IB,Saturn,,24.4,6.53,448.7,41594,8240,155,330,8
Saturn S-IC,SaturnV,,42.1,10.06,2286,135200,33500,170,299,5
Saturn S-II,SaturnII,S-II,24.8,10.06,490.8,39000,4500,270,374,5
Saturn S-IV,SaturnIV,S-IV,9.8,5.59,50.6,5217,400.2,482,826,6
Saturn S-IVB,SaturnIVB,S-IVB,18.7,6.6,120,13300,890,500,374,1
Saturn S-IVD,SaturnIV,Dummy S-IV,9.8,5.59,50.6,5217,400.2,482,826,6
Saturn S-V,Centaur,S-V,6,3.05,15.6,2000,0,0,826,2
Scud,R-11,,8,.88,6.3,1600,,,917,1
Scud B,R-11,,8.6,.88,5.6,1600,,,917,1
Scud D,Nodong,,16,1.25,15.1,2000,255,110,655,1
Seagull,,,1.5,.08,.01,1,10,2,992,1
Sejjil,Sejjil,,8,1.25,13.5,2000,560,90,993,1
Sejjil Stage 2,Sejjil,,8,1.25,5.5,2000,560,90,994,1
Seliger 1,Seliger,,3,.6,.5,,49,,995,1
Seliger 3,Seliger,,6,.6,1,,50,,996,1
Sep Motor Cover,Perekhodnik,,0,0,0,0,0,0,,0
Sergeant,Sergeant,,4.4,.79,3.2,,220,23.8,1115,1
Shahab 3,Nodong,,16,1.25,15.1,2000,255,90,655,1
Shaheen,DF-15,M-9,9.1,1,6.2,,,,267,1
Shaheen 2 St 1,DF-21,CSSNX3,9.5,1.4,20,,,65,269,1
Shaheen 3 St 2,DF-21,,4.4,1.4,4,,,,997,1
Shaheen St 2,DF-21,,4.4,1.4,4,,,,997,1
Shaviyt 1,Shaviyt,,7.5,1.35,13,1200,775,55,150,1
Short Al Hussein,R-11,,9,.88,5.9,1600,,,917,1
Shourya,K-15,,5.6,.75,5,,,,998,1
Shourya Booster,K-15,,2.2,.75,3,,,,999,1
Shrike,Sparrow,,2,.2,,,,,608,1
Sidewinder,Sidewinder,,1.8,.13,.04,18,,,607,1
Sidewinder 1A,Sidewinder,,1.9,.13,.04,18,17.7,2.1,604,1
Sidewinder 1A-15,Sidewinder,,1.9,.13,.04,18,17.7,2.1,603,1
Sidewinder 1D,Sidewinder,,1.8,.13,.044,16,12.2,4.7,610,1
Silver Sparrow,BlackSparrow,,7,.53,2.5,,,,218,1
Simorgh Stage 1,Unha,,17.8,2.4,60,,1400,,,1
Simorgh Stage 2,Unha.St2,,8.2,1.5,8,,71,,482,1
Sirocco,Sirocco,,2.8,.14,.1,20,,,1000,1
Skat,LanceMotor,,4.5,.38,.9,377,200,6,1222,1
Skua,Skua,,2.2,.13,.04,10,1.8,30,208,1
Skua 2,Skua,Skua,2.4,.13,.04,10,1.8,30,209,1
Skua 3,Skua,Skua,2.4,.13,.08,12,1.7,34,210,1
Skybolt St1,Skybolt,Skybolt,3.8,.91,2.5,,164,40.7,1001,1
Skybolt St2,Skybolt.St2,,2.4,.91,1.2,,81.8,41.3,1002,1
Smart Dispenser,SD,,1,3.35,.2,20,10.8,36,303,1
Snark Booster,Snark,,0,0,0,0,0,0,622,2
Snipe,Gosling,,2.1,.26,.2,58,16,16,1003,1
Sonda 1-1,Sonda,,1.5,.13,.03,15,27,,1005,1
Sonda 1-2,Sonda,,2.1,.11,.03,14,4.2,32,1004,1
Sonda 2A,Sonda,,4.2,.3,.3,77,36,20,881,1
Sonda 2M,Sonda,,2.2,.3,.2,69,18,20,883,1
Sonda 3-1,Sonda3,,3.3,.56,1.2,341,102,20,884,1
Soyuz-2-1V 132KS,Blok-A,,26.9,2.95,129,9300,1754,292.1,640,1
SpaceLoft XL,SpaceLoft,,4,.27,.2,,45,13.5,1006,1
Spaceship One,SS1,,5,1.5,4,3000,,,,1
Spaceship Two,SS2,,18.3,2.3,9.7,,,,,1
Sparrow,Sparrow,Mk 6 Mod 3,1.3,.2,.1,,35,1.8,3,1
Squirt St 1,Squirt,,2,1.37,1,,,1.2,873,7
Squirt St 2,Squirt,,1,1.37,1,,,1.5,243,7
Stable Super Loki,SuperLoki,,2.3,.1,.027,6,21,2.1,1009,1
Star 20,Star20,,1.5,.5,.3,26,26.5,27.5,1022,1
Star 26,Star26,,.8,.66,.3,38,33,17.8,1025,1
Star 26B,Star26,,.8,.66,.3,23,35,17.8,1026,1
Star 26C,Star26,,.8,.66,.3,29,35,16.8,1027,1
Star 27,Star27,,1.2,.69,.4,24,26.7,34.3,1028,1
Star 37B,Star37,Star 37,1.5,.94,.7,65,45,,1036,1
Star 37C,Star37,,1.5,.94,1,83,45,,1037,1
Star 37D,Star37,,1.5,.94,.7,65,45,,1038,1
Star 37E,Star37,,1.7,.94,1.1,83,68,42,1039,1
Star 37F,Star37,,1.7,.94,.9,67,55.5,42,1040,1
Star 37FM,Star37,,1.7,.94,1.1,74,45.8,66.4,1041,1
Star 37FMV,Star37,,1.7,.94,1.1,74,45.8,66.4,1041,1
Star 37N,Star37,Star 37E,1.7,.94,.6,64,45,,1043,1
Star 37S,Star37,,1.7,.94,.7,53,45,,1044,1
Star 37XE,Star37,,1.7,.94,.9,67,45,66,1045,1
Star 37XF,Star37,,1.7,.94,.9,67,45,,1046,1
Star 37XFP,Star37,,1.7,.94,1,72,38,66,1047,1
Star 48,Star48,Star 48,2,1.22,2.2,208,66.4,84.1,1048,1
Star 48B,Star48,Star 48,2,1.22,2.2,208,66.4,84.1,1050,1
Star 48B AKM,Star48,Star 48,2,1.22,2.2,116,66.4,84.1,1050,1
Star 48BV,Star48,,2,1.22,2.2,140,68.7,84.1,1052,1
Star 48V,Star48,,2,1.22,2.2,140,68.7,84.1,1052,1
Start,Start,,2.6,1,1,300,100,53,1055,1
Stonechat I,Stonechat,,4.5,.92,4.8,750,232,32.3,1057,1
Stonechat II,Stonechat,,4.5,.92,5.1,750,242,32.8,1058,1
Stratos II+,Stratos2,,7,.2,.19,100,8,23,277,1
Strela APB,UR-100NU.St3,,1.3,2.4,,,,,,1
Stromboli,Stromboli,,3,.56,.9,246,75,16,1059,1
Super Arcas,Arcas,,2,.11,.04,15,1.5,40,551,1
Super Loki,SuperLoki,,2,.1,.03,6,18,2.1,1062,1
Sword,Asp,,1.2,.166,.1,12,16,3.8,1063,1
T-40,T-40,T40,1.4,.2,.1,15,13.3,6,1065,1
T-55,T-55,T55,1.5,.15,0,12,21,1.3,1067,1
T-7,T-7,,6,.45,1,,2,,1068,1
T-7 booster,T-7B,,1,.45,.5,,2,,1069,1
T48,T48,,4,.46,1,,193,3.4,1070,1
THAAD,THAAD,,3.8,.34,.6,,,,1083,1
THAAD Proto,THAAD,,3.8,.34,.6,,,,1083,1
TR-1,TR-1,,7.1,1.13,10.8,3900,608,51.3,1086,1
TR-1A,TR-1,TR-1A,7.5,1.13,8.8,1784,608,52,1087,1
TT-200,TT-210,,5,.2,.2,,,,1092,1
TT-210,TT-210,,5.3,.21,.2,,,,1093,1
TT-500,JCR,,7,.5,1.3,300,116,,1094,1
TT-500-S2,JCR,,3,.5,.7,200,61,,1095,1
TX-135,Spartan,,5.2,1.09,5.3,932,2000,4.5,1105,1
TX-174,Pershing,,2.8,1.02,2.3,251,117,39,1107,1
TX-175,Pershing,,2.7,1.02,1.5,210,85,39,1108,1
TX-20 Sergeant,Sergeant,,6.1,.79,4,,213,24,1109,1
TX-238,TX-238,,4.7,.91,3.5,417,,,1110,1
TX-239,TX-239,,1.1,.74,.37,,,,1111,1
TX-261,Pedro,,3.1,.71,1.5,250,244,11.3,1114,1
TX-261-2,Pedro,,3.1,.71,1.5,250,244,11.3,1113,1
TX-30,Sergeant,,5.4,.79,2,,44.5,29,1115,1
TX-454,Spartan,,5,1.09,6.5,753,,,1119,1
TX-500,Spartan,Spartan TX-500,4.9,1.09,5.5,1030,2000,,1121,1
Tacite,Stromboli,,4.7,.56,1.7,455,170,20,948,1
Taepo Dong 1,Nodong,,12,1.25,25.6,3700,570,95,655,1
Taepo Dong 1 Stage 2,R-11,,12,.88,7.5,1500,140,176,655,1
Taepo Dong 1 Stage 3,TD3,,1.8,.3,.2,50,18,27,1075,1
Taepo Dong 2,Unha,,14,2.4,60,5000,1200,120,1072,4
Talos,Talos,,3.4,.76,1.5,,516,5.2,1130,1
Taurion,HJ,,4.3,.58,1.4,,13,32,520,1
Taurus,HJ,,4.3,.58,1.4,,457,3.5,1131,1
Temp,Temp,,12.4,1.01,11.9,120,,,104,1
Temp-S,Temp,,12.4,1.01,11.9,120,,,105,1
Terrier,Terrier,ABL X256,3.9,.46,.9,322,257.5,4.4,1196,1
Terrier 12-0,Terrier,,3.9,.46,.8,322,257.5,4.4,1132,1
Terrier Mk 12,Terrier,,3.9,.46,.9,322,257.5,4.4,1133,1
Terrier Mk 70,Terrier,,3.9,.46,1,290,,6.2,1124,1
Theodore,Monica,,.8,.13,.01,,1.8,10,1134,1
Thor DM-18,Thor,,18.2,2.44,48.8,3125,667,160,553,1
Thor DM-18A,Thor,,18.6,2.44,48.8,3125,667,160,553,1
Thor DM-18C,Thor,,18.6,2.44,48.8,3125,734,170,555,1
Thor DM-21,Thor,,17.1,2.44,47.8,3125,779,170,555,1
Thor DSV-2A,Thor,,17.1,2.44,47.8,3125,779,170,555,1
Thor DSV-2C,Thor,TA Thor DSV-2C,17.1,2.44,48,3175,760,170,555,1
Tianying-3C,Tianying,,5,.45,1.1,0,0,,1135,1
Tianying-3F Booster,Tianying,,2.7,.45,.5,0,0,,1136,1
Tiny Tim,TTB,,2.4,.3,.3,278,222,.6,1137,1
Tochka,Tochka,,6.4,.65,2,,,,106,1
Tochka-U,Tochka,,6.4,.65,2,,,,107,1
Tomahawk,Tomahawk,,3.5,.22,.2,60,53,9.5,1080,1
Tomahawk 1,Tomahawk,,3.5,.22,.2,60,53,9,1079,1
Topaze,Agate,,4.6,.8,2.2,,156,44,625,1
Topaze VE111C,Agate,,2.9,.8,1.5,,120,39,624,1
Topaze VE111L,Agate,,3,.8,2.2,,156,44,625,1
Tramontane,Berenice,,2.4,.33,.3,124,50,6.7,954,1
Transtage,Transtage,,4.6,3.05,12.5,2000,71.1,440,128,2
Trident,Trident.St3,,2,2.13,1.1,700,35,,1139,1
Trident C-4 Stage 1,Trident,,4.4,1.88,12.1,,,,223,1
Trident C-4 Stage 2,Trident.St2,,2.5,1.88,8,,,,224,1
Trident C-4 Stage 3,Trident.St3,,3.3,.86,1.9,150,,40,1140,1
Trident D-5 Stage 1,Trident,,7.2,2.11,39.1,2242,,64,261,1
Trident D-5 Stage 2,Trident.St2,,2.9,2.11,11.8,790,,65,262,2
Trident D-5 Stage 3,Trident.St3,,3.3,.86,2.2,159,,40,1140,1
UA1205,Titan.SRM,SRM,25.9,3.11,226.2,33800,6227.2,115,1141,1
UA1206,Titan.SRM,SRM,27.6,3.11,251.2,40800,6227.2,114,1142,1
UA1207,Titan.SRM,SRM1207,34.1,3.11,319.3,51200,7120,120,1143,1
UM129A,UM129A,,2.3,1.32,2.2,360,77.5,68,1144,1
UR-100NA,UR-100N,,17.2,2.5,88,5000,2070,121,741,4
UR-100NB,UR-100N.St2,,3.9,2.5,15,2000,240,183,742,1
UR-100NU APB,UR-100NU.St3,,.5,2.4,,,,,,1
Unha-1 Stage 2,Unha.St2,,8,1.5,25.6,3700,570,95,655,1
Unha-2 Stage 2,Unha.St2,,8,1.5,7.5,1500,140,176,655,1
Unha-2 Stage 3,Unha.St3,,3,1.25,3,300,18,27,1146,1
Unha-3 Stage 3,Unha.St3,,3.8,1.25,4,500,18,27,1146,1
Upstage,HIBEX,,1,.5,.2,,,,1147,1
Ute,Genie,,1.3,.38,.2,62,85,4.6,1100,1
V-1000,V-1000,,8,.55,,,103,,912,1
V-1000 Booster,V-1000.Booster,,3.1,1,3,,1962,4.5,690,1
V-2,V-2,,12,1.65,12.8,4000,312,70,110,1
V-2-Ram,V-2,,12,1.65,12.8,4000,312,70,110,1
V-750,V-750,,8.1,.5,2,,13.8,25,907,1
V-750 Booster,V-750,,2.4,.65,.3,,,4.5,689,1
V-825,V-825,5Ya27,9,1.3,3.9,,,,1150,1
V-825 Booster,V-825,5Ya27,10,1.3,14,,,,89,1
VAM Booster,AerobeeB,,1.8,.33,.3,140,80,2.5,57,1
VAM-17,AerobeeB,,1.8,.33,.3,140,80,2.5,57,1
VAM-20,AerobeeB,,1.8,.33,.3,140,80,2.5,57,1
VLS-R1,Sonda,,2.5,.3,.5,0,18,20,881,1
VLS-R1 Strapon,Sonda,,2,.3,.5,0,18,20,881,1
VLS-R2,Sonda,,3,.3,.5,0,18,20,881,1
VLS-R2 Strapon,Sonda,,2,.3,.5,0,18,20,881,1
Vanguard,Viking,,11.4,1.14,7.7,811,120,144,1204,1
Vega P80FW,Vega,,11.2,3.01,97.1,8790,2100,106.8,684,1
Vela,Vela,,3.1,.21,.12,59,26.7,5,1153,1
Venus,Venus,,2,.28,.2,66,44,4.3,1154,1
Veronique,Veronique,,7.3,.55,1.3,278,40,45,1157,1
Veronique 61,Veronique,Veronique,9.5,.55,1.9,,60,54,1158,1
Veronique 61M,Veronique,Veronique,11.7,.55,2,,60,56,1158,1
Veronique AGI,Veronique,Veronique,7.3,.55,1.3,278,40,49,1159,1
Veronique P2,Veronique,,6,.55,.5,,10,,1155,1
Veronique P6,Veronique,,6,.55,.5,,20,,1156,1
Veronique R,Veronique,,5.8,.55,.5,385,40,6.5,1157,1
Vesta,Vesta,,7.2,1,5,780,140,56.4,1161,1
Vesuve,Stromboli,,3.5,.56,.8,250,200,5,945,1
Viking,Viking,,14.9,.81,4.5,800,93,70,650,1
Viking Type 9,Viking,Viking,12.8,1.14,6.8,1000,93,105,650,1
Viper I,Viper,Viper,2.7,.166,.09,25,24,5.6,82,1
Viper IC,Viper,Viper,2.7,.166,.09,25,24,5.6,82,1
Viper II,Viper,Viper,2.7,.166,.09,25,35.8,3.8,70,1
Viper IIIA,Viper3,,2.4,.11,.04,9,24.7,2.2,1173,1
Viper V,Viper5,Viper,2.2,.18,.1,,27,5.2,1174,1
Volga,Ikar,,1,2.7,1.8,900,2.9,882,1175,1
WAC Corporal,WAC,,4.9,.3,.3,125,6.7,45,1178,1
Wasserfall,Hermes,,7.8,.88,3.5,1700,80,40,1179,1
Waxwing,Waxwing,,1.5,.71,.3,39,28.8,37.2,1180,1
White Knight,Air,,0,0,0,0,0,0,,0
White Knight 2,Air,,0,0,0,0,0,0,,0
X-10,X-10,,21.3,,,,0,0,,0
X-15,X-15,,15.3,3.55,14.2,5150,257,100,1210,1
X-201,Nike,,3,.42,.7,,209,3,67,1
X-241,X-241,ABL X241,1.5,.46,.2,25,12.1,36,1185,1
X-248,Altair,,1.8,.46,.3,24,13.4,38.6,1186,1
X-260,PolarisA3.St2,,2.3,1.37,4.9,815,,,1201,1
X-265,Sprint,Sprint X265,3,1.37,4,,,1.2,1202,1
X-271,X-271,Sprint X271,5,.82,,,,,1203,1
X-51A,X-51,,4.5,.61,0,0,0,0,,0
X-7,X-7,,0,0,0,0,0,0,,0
X-7A-1 Booster,HJ,,6,.58,1.9,1474,467,4,1181,1
Xaero,Xaero,,4.6,.77,1,,13.2,,1226,1
YZ-1,YZ-1,YZ-1,5,3,0,0,0,0,1244,2
YZ-1A,YZ-1,YZ-1,5,3,0,0,0,0,1244,2
YZ-2,YZ-1,YZ-2,5,3,0,0,0,0,1244,2
Yardbird,Recruit,,2.5,.23,.2,29,75,3.4,1250,1
ZN-1,ZN,,2.7,.15,.1,,,,1251,1
ZUR-215,V-750,,8.1,.5,2,,13.8,25,907,1
Zefiro,Zefiro,,4.9,1.14,17.3,1500,590,71,1252,1
Zefiro 23,Zefiro,,8.5,1.91,26.5,2653,871,77,1253,1
Zefiro 9A,Zefiro,,4.4,1.91,11.5,1386,260,120,1254,1
Zelzal,Zelzal,Iran,6,.61,.5,0,0,,649,1
Zenit,Zenith,,5.6,.42,.6,150,45,21,1256,1
Zeus A,Zeus-A,,7,.5,2,,,,1257,1
Zulfiqar,Zelzal,Iran,6,.61,.5,0,0,,649,1
